"_primaryKey","_firstSeenAt","_lastSeenAt","eventId","name","category","datetimeLocal","datetimeUtc","salesCutOff","tbd","timeTbd","dateTbd","minPriceTotal","minPricePrefee","maxPriceTotal","maxPricePrefee","zoneDealPriceTotal","flashDealPriceTotal","hasExclusives","mapless","venueId","performerIds","popularityScore","trendingScore"
"699d2a080b0ab38f5bfd4bf2","2026-02-24 15:55:43.524","2026-03-10 10:42:02.641","699d2a080b0ab38f5bfd4bf2","Death Angel","music","2026-05-15 19:00:00","2026-05-15 23:00:00","2026-05-16 00:30:00",false,false,false,"[PREMIUM]","[PREMIUM]","[PREMIUM]","[PREMIUM]","[PREMIUM]","[PREMIUM]",false,false,"64b83d961c330f00014cb3a5","['5db1d33869434a00385937bb']","[PREMIUM]","[PREMIUM]"
"699d96c36d74be3a1a1640f0","2026-02-24 15:55:43.524","2026-03-10 10:42:10.939","699d96c36d74be3a1a1640f0","Kyle Dunnigan","comedy","2026-05-15 21:30:00","2026-05-16 04:30:00","2026-05-16 06:00:00",false,false,false,"[PREMIUM]","[PREMIUM]","[PREMIUM]","[PREMIUM]","[PREMIUM]","[PREMIUM]",false,true,"669ed1f79427117b2b57084d","['620fedd0ce709200013c4b5c']","[PREMIUM]","[PREMIUM]"
"699d278a684ce42d7528dcc4","2026-02-24 15:55:43.524","2026-03-10 10:42:10.939","699d278a684ce42d7528dcc4","Norah Jones","music","2026-05-15 20:00:00","2026-05-16 03:00:00","2026-05-16 04:00:00",false,false,false,"[PREMIUM]","[PREMIUM]","[PREMIUM]","[PREMIUM]","[PREMIUM]","[PREMIUM]",false,false,"63eec9d877a1150001c310a4","['57b3f01ff80c411525c6cfc2']","[PREMIUM]","[PREMIUM]"
"699d292503d497d143217aa7","2026-02-24 15:55:43.524","2026-03-10 10:42:10.939","699d292503d497d143217aa7","La La Land In Concert","music","2026-05-16 14:00:00","2026-05-16 21:00:00","2026-05-16 22:00:00",false,false,false,"[PREMIUM]","[PREMIUM]","[PREMIUM]","[PREMIUM]","[PREMIUM]","[PREMIUM]",false,true,"669982064c573ce512ef39d8","['58bf33fff80c41185e6b2984']","[PREMIUM]","[PREMIUM]"
"699d277ac58814b45bc630d3","2026-02-24 15:55:43.524","2026-03-10 10:42:10.939","699d277ac58814b45bc630d3","Pennywise","music","2026-05-15 20:00:00","2026-05-16 03:00:00","2026-05-16 04:00:00",false,false,false,"[PREMIUM]","[PREMIUM]","[PREMIUM]","[PREMIUM]","[PREMIUM]","[PREMIUM]",false,false,"598ce7de9da0d48c0db7238b","['56b138f0f80c4144ee000002']","[PREMIUM]","[PREMIUM]"
"699d96c3775ef5a15fc95e61","2026-02-24 15:55:43.524","2026-03-10 10:42:02.641","699d96c3775ef5a15fc95e61","Kyle Dunnigan","comedy","2026-05-15 19:00:00","2026-05-16 02:00:00","2026-05-16 03:30:00",false,false,false,"[PREMIUM]","[PREMIUM]","[PREMIUM]","[PREMIUM]","[PREMIUM]","[PREMIUM]",false,true,"669ed1f79427117b2b57084d","['620fedd0ce709200013c4b5c']","[PREMIUM]","[PREMIUM]"
"699d27e186b933b13f92dcdd","2026-02-24 15:55:43.524","2026-03-10 10:42:10.939","699d27e186b933b13f92dcdd","Jimmy Dore","comedy","2026-05-16 15:00:00","2026-05-16 20:00:00","2026-05-16 20:00:00",false,false,false,"[PREMIUM]","[PREMIUM]","[PREMIUM]","[PREMIUM]","[PREMIUM]","[PREMIUM]",false,true,"64f0f8f2e2b35d00016720b4","['66350b1bc656eaa2db2a8810']","[PREMIUM]","[PREMIUM]"
"699d28b918e82d9e339aefe7","2026-02-24 15:55:43.524","2026-03-10 10:42:02.641","699d28b918e82d9e339aefe7","Clara La San","music","2026-05-14 20:00:00","2026-05-15 00:00:00","2026-05-15 00:00:00",false,false,false,"[PREMIUM]","[PREMIUM]","[PREMIUM]","[PREMIUM]","[PREMIUM]","[PREMIUM]",false,false,"57d34cca50575d33c85b4cf4","['688251391a052d8759ae0664']","[PREMIUM]","[PREMIUM]"
"699a51890b0ab38f5bfc3836","2026-02-24 15:55:34.568","2026-03-10 10:41:54.767","699a51890b0ab38f5bfc3836","TBD at Golden State Warriors (Round 2 - Home Game 3) (Date TBD) (If Necessary)","nba","2026-05-13 00:00:00","2026-05-13 07:00:00","2026-05-13 07:20:00",true,true,true,"[PREMIUM]","[PREMIUM]","[PREMIUM]","[PREMIUM]","[PREMIUM]","[PREMIUM]",false,false,"5c926e3f63154c00173f2ef8","['5270135d3bf376613a000003','5a99e2126311820014498a01']","[PREMIUM]","[PREMIUM]"
"699a4ba39830442aca0845db","2026-02-24 15:55:34.568","2026-03-10 10:41:54.767","699a4ba39830442aca0845db","TBD at Minnesota Timberwolves (Round 2 - Home Game 3) (Date TBD) (If Necessary)","nba","2026-05-13 00:00:00","2026-05-13 05:00:00","2026-05-13 05:45:00",true,true,true,"[PREMIUM]","[PREMIUM]","[PREMIUM]","[PREMIUM]","[PREMIUM]","[PREMIUM]",false,false,"544ad8753bf3764587000002","['544ad8943bf3764587000009','5a99e2126311820014498a01']","[PREMIUM]","[PREMIUM]"
"699a4b109c1383da938edd2a","2026-02-24 15:55:34.568","2026-03-10 10:41:54.767","699a4b109c1383da938edd2a","TBD at Philadelphia 76ers (Round 2 - Home Game 3) (Date TBD) (If Necessary)","nba","2026-05-13 00:00:00","2026-05-13 04:00:00","2026-05-13 04:45:00",true,true,true,"[PREMIUM]","[PREMIUM]","[PREMIUM]","[PREMIUM]","[PREMIUM]","[PREMIUM]",false,false,"546d101a3bf3767afe000001","['546d103b3bf3767afe00000a','5a99e2126311820014498a01']","[PREMIUM]","[PREMIUM]"
"699d25da9c1383da938fefd2","2026-02-24 15:55:34.568","2026-03-10 10:42:02.641","699d25da9c1383da938fefd2","Death Angel","music","2026-05-14 18:30:00","2026-05-14 22:30:00","2026-05-15 00:00:00",false,false,false,"[PREMIUM]","[PREMIUM]","[PREMIUM]","[PREMIUM]","[PREMIUM]","[PREMIUM]",false,false,"57ab8b29f80c411f8fdebfe5","['5db1d33869434a00385937bb']","[PREMIUM]","[PREMIUM]"
"699d26c215e13cab1a999b93","2026-02-24 15:55:34.568","2026-03-10 10:42:02.641","699d26c215e13cab1a999b93","Menopause the Musical","theater","2026-05-14 16:00:00","2026-05-14 23:00:00","2026-05-14 23:00:00",false,false,false,"[PREMIUM]","[PREMIUM]","[PREMIUM]","[PREMIUM]","[PREMIUM]","[PREMIUM]",false,true,"65f200855af108e82a8c4c7a","['65fdd5da0d1693a2ca558692']","[PREMIUM]","[PREMIUM]"
"699d26c20c5b1bb4a82c167a","2026-02-24 15:55:34.568","2026-03-10 10:41:54.767","699d26c20c5b1bb4a82c167a","Menopause the Musical","theater","2026-05-13 16:00:00","2026-05-13 23:00:00","2026-05-13 23:00:00",false,false,false,"[PREMIUM]","[PREMIUM]","[PREMIUM]","[PREMIUM]","[PREMIUM]","[PREMIUM]",false,true,"65f200855af108e82a8c4c7a","['65fdd5da0d1693a2ca558692']","[PREMIUM]","[PREMIUM]"
"699d27bcd80dbab341fa6052","2026-02-24 15:55:34.568","2026-03-10 10:41:54.767","699d27bcd80dbab341fa6052","Pennywise","music","2026-05-13 19:00:00","2026-05-14 02:00:00","2026-05-14 03:00:00",false,false,false,"[PREMIUM]","[PREMIUM]","[PREMIUM]","[PREMIUM]","[PREMIUM]","[PREMIUM]",false,false,"599f65df9da0d48c0d9d00b5","['56b138f0f80c4144ee000002']","[PREMIUM]","[PREMIUM]"
"699cd94ca0caf725197293b4","2026-02-24 15:55:34.568","2026-03-10 10:41:54.767","699cd94ca0caf725197293b4","Clara La San","music","2026-05-13 19:00:00","2026-05-13 23:00:00","2026-05-13 23:00:00",false,false,false,"[PREMIUM]","[PREMIUM]","[PREMIUM]","[PREMIUM]","[PREMIUM]","[PREMIUM]",false,false,"57a264b1f80c41466ca5c93d","['688251391a052d8759ae0664']","[PREMIUM]","[PREMIUM]"
"699cd97c01b9772306630688","2026-02-24 15:55:34.568","2026-03-10 10:41:54.767","699cd97c01b9772306630688","Clara La San","music","2026-05-12 20:00:00","2026-05-13 00:00:00","2026-05-13 00:00:00",false,false,false,"[PREMIUM]","[PREMIUM]","[PREMIUM]","[PREMIUM]","[PREMIUM]","[PREMIUM]",false,false,"598b505a9da0d48c0da9419f","['688251391a052d8759ae0664']","[PREMIUM]","[PREMIUM]"
"699d27697dd684d8e34d1c28","2026-02-24 15:55:26.716","2026-03-10 10:41:54.767","699d27697dd684d8e34d1c28","Death Angel","music","2026-05-12 19:00:00","2026-05-13 00:00:00","2026-05-13 01:30:00",false,false,false,"[PREMIUM]","[PREMIUM]","[PREMIUM]","[PREMIUM]","[PREMIUM]","[PREMIUM]",false,true,"67e312540f6ccdf4437aecd5","['5db1d33869434a00385937bb']","[PREMIUM]","[PREMIUM]"
"699c66d69c1383da938f9938","2026-02-24 15:55:26.716","2026-03-10 10:41:54.767","699c66d69c1383da938f9938","Nettspend","music","2026-05-12 19:00:00","2026-05-13 00:00:00","2026-05-13 00:00:00",false,false,false,"[PREMIUM]","[PREMIUM]","[PREMIUM]","[PREMIUM]","[PREMIUM]","[PREMIUM]",false,false,"57d0980550575d33c84f608e","['6740d5d8adde78c446408d9e']","[PREMIUM]","[PREMIUM]"
"699d603e1cd40bb0bd7ad1d9","2026-02-24 15:55:26.716","2026-03-10 10:41:54.767","699d603e1cd40bb0bd7ad1d9","NCAA Men's Volleyball Championship","vball","2026-05-11 00:00:00","2026-05-11 07:00:00","2026-05-11 08:30:00",false,true,false,"[PREMIUM]","[PREMIUM]","[PREMIUM]","[PREMIUM]","[PREMIUM]","[PREMIUM]",false,false,"54c0367b3bf3763c64000003","['642f497817e765000128042a']","[PREMIUM]","[PREMIUM]"
"699d28758dde1feeb12bf8f3","2026-02-24 15:55:26.716","2026-03-10 10:41:47.324","699d28758dde1feeb12bf8f3","Death Angel","music","2026-05-10 19:30:00","2026-05-10 23:30:00","2026-05-11 01:00:00",false,false,false,"[PREMIUM]","[PREMIUM]","[PREMIUM]","[PREMIUM]","[PREMIUM]","[PREMIUM]",false,false,"598b505a9da0d48c0da9419f","['5db1d33869434a00385937bb']","[PREMIUM]","[PREMIUM]"
"699d2875d80dbab341fa60cf","2026-02-24 15:55:26.716","2026-03-10 10:41:54.767","699d2875d80dbab341fa60cf","Death Angel","music","2026-05-11 19:30:00","2026-05-11 23:30:00","2026-05-12 01:00:00",false,false,false,"[PREMIUM]","[PREMIUM]","[PREMIUM]","[PREMIUM]","[PREMIUM]","[PREMIUM]",false,true,"598ce7de9da0d48c0db72389","['5db1d33869434a00385937bb']","[PREMIUM]","[PREMIUM]"
"699d25db101378ed9c036674","2026-02-24 15:55:26.716","2026-03-10 10:41:54.767","699d25db101378ed9c036674","Nancy Ajram","music","2026-05-10 20:00:00","2026-05-11 00:00:00","2026-05-11 00:00:00",false,false,false,"[PREMIUM]","[PREMIUM]","[PREMIUM]","[PREMIUM]","[PREMIUM]","[PREMIUM]",false,false,"578ff79bf80c413be08cd601","['699643c315e13cab1a96bd87']","[PREMIUM]","[PREMIUM]"
"699d25da5cec0370db515223","2026-02-24 15:55:26.716","2026-03-10 10:41:47.324","699d25da5cec0370db515223","Frankie Valli","music","2026-05-10 18:00:00","2026-05-10 23:00:00","2026-05-11 00:30:00",false,false,false,"[PREMIUM]","[PREMIUM]","[PREMIUM]","[PREMIUM]","[PREMIUM]","[PREMIUM]",false,true,"66059cf348783d06f4bcccb6","['5b196bbd897aa80014c66aaf']","[PREMIUM]","[PREMIUM]"
"696e96965b47465d0c41086d","2026-02-24 15:55:17.866","2026-03-10 10:41:47.324","696e96965b47465d0c41086d","Big Night and Trombone Shorty","music","2026-05-09 20:30:00","2026-05-10 00:30:00","2026-05-10 01:30:00",false,false,false,"[PREMIUM]","[PREMIUM]","[PREMIUM]","[PREMIUM]","[PREMIUM]","[PREMIUM]",false,false,"64011e6918d890000112ed68","['595a9d8d25f2c560371822b2']","[PREMIUM]","[PREMIUM]"
"699a513755ed566acc79d628","2026-02-24 15:55:17.866","2026-03-10 10:41:47.324","699a513755ed566acc79d628","The Temptations","music","2026-05-09 20:00:00","2026-05-10 00:00:00","2026-05-10 01:30:00",false,false,false,"[PREMIUM]","[PREMIUM]","[PREMIUM]","[PREMIUM]","[PREMIUM]","[PREMIUM]",false,false,"6737d496410db8ca1a7d37d4","['5c991f56078a340017d8e542']","[PREMIUM]","[PREMIUM]"
"6941c1e10f62684c194e62fd","2026-02-24 15:55:17.866","2026-03-10 10:41:47.324","6941c1e10f62684c194e62fd","Dallas Trinity FC at Tampa Bay Sun FC","soccer","2026-05-09 19:30:00","2026-05-09 23:30:00","2026-05-09 23:30:00",false,false,false,"[PREMIUM]","[PREMIUM]","[PREMIUM]","[PREMIUM]","[PREMIUM]","[PREMIUM]",false,true,"699c79689480946ca4226734","['673389cfa707892e10686357','66c501d70490d77ccc65ee15']","[PREMIUM]","[PREMIUM]"
"699d45a25579e340a515a583","2026-02-24 15:55:17.866","2026-03-10 10:41:47.324","699d45a25579e340a515a583","Randy Rogers Band","music","2026-05-09 19:00:00","2026-05-10 00:00:00","2026-05-10 01:00:00",false,false,false,"[PREMIUM]","[PREMIUM]","[PREMIUM]","[PREMIUM]","[PREMIUM]","[PREMIUM]",false,false,"67e31245ba6d226a637f81cd","['59d807bc25f2c514bb1d223a']","[PREMIUM]","[PREMIUM]"
"699d27ebf5aac1157b985704","2026-02-24 15:55:17.866","2026-03-10 10:41:47.324","699d27ebf5aac1157b985704","Grupo Arriesgado","music","2026-05-09 20:00:00","2026-05-10 01:00:00","2026-05-10 02:30:00",false,false,false,"[PREMIUM]","[PREMIUM]","[PREMIUM]","[PREMIUM]","[PREMIUM]","[PREMIUM]",false,true,"67083b2984fadaaadf3a414b","['636403b16b6b050001f6e55c']","[PREMIUM]","[PREMIUM]"
"699d26bffe7ae7799e442d9d","2026-02-24 15:55:17.866","2026-03-10 10:41:47.324","699d26bffe7ae7799e442d9d","Norah Jones","music","2026-05-09 19:00:00","2026-05-10 02:00:00","2026-05-10 03:00:00",false,false,false,"[PREMIUM]","[PREMIUM]","[PREMIUM]","[PREMIUM]","[PREMIUM]","[PREMIUM]",false,false,"61c11c63a18b1100016eac31","['57b3f01ff80c411525c6cfc2']","[PREMIUM]","[PREMIUM]"
"699cd87555ed566acc7ac159","2026-02-24 15:55:17.866","2026-03-10 10:41:47.324","699cd87555ed566acc7ac159","Buffalo Philharmonic Orchestra - Haydn Cello Concerto","music","2026-05-09 19:30:00","2026-05-09 23:30:00","2026-05-09 23:30:00",false,false,false,"[PREMIUM]","[PREMIUM]","[PREMIUM]","[PREMIUM]","[PREMIUM]","[PREMIUM]",false,true,"66f5b826e136245f843f222e","['67361e4b3eb58926e0e0b1b5']","[PREMIUM]","[PREMIUM]"
"699d25be5802fd6122e15ba2","2026-02-24 15:55:17.866","2026-03-10 10:41:39.221","699d25be5802fd6122e15ba2","NCAA Men's Volleyball Championship - Semifinals","vball","2026-05-09 00:00:00","2026-05-09 07:00:00","2026-05-09 08:30:00",false,true,false,"[PREMIUM]","[PREMIUM]","[PREMIUM]","[PREMIUM]","[PREMIUM]","[PREMIUM]",false,false,"54c0367b3bf3763c64000003","['642f497817e765000128042a']","[PREMIUM]","[PREMIUM]"
"699c9a25fb071635321eb87b","2026-02-24 15:55:17.866","2026-03-10 10:41:47.324","699c9a25fb071635321eb87b","I Love RnB","music","2026-05-09 21:00:00","2026-05-10 02:00:00","2026-05-10 02:00:00",false,false,false,"[PREMIUM]","[PREMIUM]","[PREMIUM]","[PREMIUM]","[PREMIUM]","[PREMIUM]",false,false,"57d0980550575d33c84f608e","['686d830edb8ac57efdd8b2c8']","[PREMIUM]","[PREMIUM]"
"69795906de9038227f4079a8","2026-02-24 15:55:09.559","2026-03-10 10:41:31.623","69795906de9038227f4079a8","Vincent Neil Emerson","music","2026-05-08 00:00:00","2026-05-08 07:00:00","2026-05-08 07:00:00",false,true,false,"[PREMIUM]","[PREMIUM]","[PREMIUM]","[PREMIUM]","[PREMIUM]","[PREMIUM]",false,false,"57eade5ecde6626ebe3ba5e6","['67630cd3ad545051b71cb2f2']","[PREMIUM]","[PREMIUM]"
"699d2c9c86b933b13f92e102","2026-02-24 15:55:09.559","2026-03-10 10:41:39.221","699d2c9c86b933b13f92e102","Pennywise","music","2026-05-08 20:00:00","2026-05-09 03:00:00","2026-05-09 04:00:00",false,false,false,"[PREMIUM]","[PREMIUM]","[PREMIUM]","[PREMIUM]","[PREMIUM]","[PREMIUM]",false,false,"56396411f80c415dff000001","['56b138f0f80c4144ee000002']","[PREMIUM]","[PREMIUM]"
"699cd875fda7968790b0065b","2026-02-24 15:55:09.559","2026-03-10 10:41:31.623","699cd875fda7968790b0065b","Buffalo Philharmonic Orchestra - Haydn Cello Concerto","music","2026-05-08 10:30:00","2026-05-08 14:30:00","2026-05-08 14:30:00",false,false,false,"[PREMIUM]","[PREMIUM]","[PREMIUM]","[PREMIUM]","[PREMIUM]","[PREMIUM]",false,true,"66f5b826e136245f843f222e","['67361e4b3eb58926e0e0b1b5']","[PREMIUM]","[PREMIUM]"
"699d25e6adf65bfad23fd16a","2026-02-24 15:55:09.559","2026-03-10 10:41:39.221","699d25e6adf65bfad23fd16a","Sam Bush","music","2026-05-08 20:00:00","2026-05-09 00:00:00","2026-05-09 01:30:00",false,false,false,"[PREMIUM]","[PREMIUM]","[PREMIUM]","[PREMIUM]","[PREMIUM]","[PREMIUM]",false,true,"67e31243fda90534ba0abb22","['62e158ab7bdc820001591f22']","[PREMIUM]","[PREMIUM]"
"699ca0e8962831c8ddc5c5d3","2026-02-24 15:55:09.559","2026-03-10 10:41:31.623","699ca0e8962831c8ddc5c5d3","Gavin Adcock","music","2026-05-07 20:00:00","2026-05-08 00:00:00","2026-05-08 00:00:00",false,false,false,"[PREMIUM]","[PREMIUM]","[PREMIUM]","[PREMIUM]","[PREMIUM]","[PREMIUM]",false,false,"60bfe89777d356000175a5fb","['65a959fd511ed387961d8b40']","[PREMIUM]","[PREMIUM]"
"699d2867fe7ae7799e442f26","2026-02-24 15:55:09.559","2026-03-10 10:41:31.623","699d2867fe7ae7799e442f26","Clara La Sa","music","2026-05-07 20:00:00","2026-05-08 00:00:00","2026-05-08 00:00:00",false,false,false,"[PREMIUM]","[PREMIUM]","[PREMIUM]","[PREMIUM]","[PREMIUM]","[PREMIUM]",false,false,"57e2e56f50575d33c8a41c92","['688251391a052d8759ae0664']","[PREMIUM]","[PREMIUM]"
"699d96c3fb071635321f1ec8","2026-02-24 15:55:09.559","2026-03-10 10:41:31.623","699d96c3fb071635321f1ec8","Liza Treyger","comedy","2026-05-07 19:00:00","2026-05-08 02:00:00","2026-05-08 03:30:00",false,false,false,"[PREMIUM]","[PREMIUM]","[PREMIUM]","[PREMIUM]","[PREMIUM]","[PREMIUM]",false,true,"669ed1f79427117b2b57084d","['63c1d150666f3b0001198582']","[PREMIUM]","[PREMIUM]"
"699a4b100fe93b6b2fd87dd5","2026-02-24 15:55:01.164","2026-03-10 10:41:23.449","699a4b100fe93b6b2fd87dd5","TBD at Philadelphia 76ers (Round 2 - Home Game 2) (Date TBD) (If Necessary)","nba","2026-05-06 00:00:00","2026-05-06 04:00:00","2026-05-06 04:45:00",true,true,true,"[PREMIUM]","[PREMIUM]","[PREMIUM]","[PREMIUM]","[PREMIUM]","[PREMIUM]",false,false,"546d101a3bf3767afe000001","['546d103b3bf3767afe00000a','5a99e2126311820014498a01']","[PREMIUM]","[PREMIUM]"
"699a5185c0897df3481d9ae2","2026-02-24 15:55:01.164","2026-03-10 10:41:23.449","699a5185c0897df3481d9ae2","TBD at Golden State Warriors (Round 2 - Home Game 2) (Date TBD) (If Necessary)","nba","2026-05-06 00:00:00","2026-05-06 07:00:00","2026-05-06 07:20:00",true,true,true,"[PREMIUM]","[PREMIUM]","[PREMIUM]","[PREMIUM]","[PREMIUM]","[PREMIUM]",false,false,"5c926e3f63154c00173f2ef8","['5270135d3bf376613a000003','5a99e2126311820014498a01']","[PREMIUM]","[PREMIUM]"
"699a4ba4c58814b45bc51ddd","2026-02-24 15:55:01.164","2026-03-10 10:41:23.449","699a4ba4c58814b45bc51ddd","TBD at Minnesota Timberwolves (Round 2 - Home Game 2) (Date TBD) (If Necessary)","nba","2026-05-06 00:00:00","2026-05-06 05:00:00","2026-05-06 05:45:00",true,true,true,"[PREMIUM]","[PREMIUM]","[PREMIUM]","[PREMIUM]","[PREMIUM]","[PREMIUM]",false,false,"544ad8753bf3764587000002","['544ad8943bf3764587000009','5a99e2126311820014498a01']","[PREMIUM]","[PREMIUM]"
"699cd4395cec0370db512c15","2026-02-24 15:55:01.164","2026-03-10 10:41:31.623","699cd4395cec0370db512c15","Clara La San (Moved from Center Stage Theater)","music","2026-05-06 20:00:00","2026-05-07 00:00:00","2026-05-07 00:00:00",false,false,false,"[PREMIUM]","[PREMIUM]","[PREMIUM]","[PREMIUM]","[PREMIUM]","[PREMIUM]",false,false,"57d340f850575d33c85b3368","['688251391a052d8759ae0664']","[PREMIUM]","[PREMIUM]"
"699d27eb15e13cab1a999cd7","2026-02-24 15:55:01.164","2026-03-10 10:41:23.449","699d27eb15e13cab1a999cd7","Death Angel","music","2026-05-05 19:00:00","2026-05-06 00:00:00","2026-05-06 01:30:00",false,false,false,"[PREMIUM]","[PREMIUM]","[PREMIUM]","[PREMIUM]","[PREMIUM]","[PREMIUM]",false,true,"597a7baa9da0d48c0d75df9e","['5db1d33869434a00385937bb']","[PREMIUM]","[PREMIUM]"
"699d26c112c013fa8c0c5631","2026-02-24 15:55:01.164","2026-03-10 10:41:31.623","699d26c112c013fa8c0c5631","Menopause the Musical","theater","2026-05-07 16:00:00","2026-05-07 23:00:00","2026-05-07 23:00:00",false,false,false,"[PREMIUM]","[PREMIUM]","[PREMIUM]","[PREMIUM]","[PREMIUM]","[PREMIUM]",false,true,"65f200855af108e82a8c4c7a","['65fdd5da0d1693a2ca558692']","[PREMIUM]","[PREMIUM]"
"699d26c193ba9599794e9861","2026-02-24 15:55:01.164","2026-03-10 10:41:23.449","699d26c193ba9599794e9861","Menopause the Musical (14+ Event)","theater","2026-05-06 16:00:00","2026-05-06 23:00:00","2026-05-06 23:00:00",false,false,false,"[PREMIUM]","[PREMIUM]","[PREMIUM]","[PREMIUM]","[PREMIUM]","[PREMIUM]",false,true,"65f200855af108e82a8c4c7a","['65fdd5da0d1693a2ca558692']","[PREMIUM]","[PREMIUM]"
"693065d1f007eff1952ec3ed","2026-02-24 15:54:52.642","2026-03-10 10:41:15.839","693065d1f007eff1952ec3ed","The Chainsmokers","music","2026-05-02 22:30:00","2026-05-03 05:30:00","2026-05-03 06:30:00",false,false,false,"[PREMIUM]","[PREMIUM]","[PREMIUM]","[PREMIUM]","[PREMIUM]","[PREMIUM]",false,false,"5e3d98e5ba3b43003c452732","['563aa50df80c416ba5000003']","[PREMIUM]","[PREMIUM]"
"699a5189fb071635321deaee","2026-02-24 15:54:52.642","2026-03-10 10:41:23.449","699a5189fb071635321deaee","TBD at Golden State Warriors (Round 2 - Home Game 1) (Date TBD) (If Necessary)","nba","2026-05-04 00:00:00","2026-05-04 07:00:00","2026-05-04 07:20:00",true,true,true,"[PREMIUM]","[PREMIUM]","[PREMIUM]","[PREMIUM]","[PREMIUM]","[PREMIUM]",false,false,"5c926e3f63154c00173f2ef8","['5270135d3bf376613a000003','5a99e2126311820014498a01']","[PREMIUM]","[PREMIUM]"
"699a4ba35802fd6122e04998","2026-02-24 15:54:52.642","2026-03-10 10:41:23.449","699a4ba35802fd6122e04998","TBD at Minnesota Timberwolves (Round 2 - Home Game 1) (Date TBD) (If Necessary)","nba","2026-05-04 00:00:00","2026-05-04 05:00:00","2026-05-04 05:45:00",true,true,true,"[PREMIUM]","[PREMIUM]","[PREMIUM]","[PREMIUM]","[PREMIUM]","[PREMIUM]",false,false,"544ad8753bf3764587000002","['544ad8943bf3764587000009','5a99e2126311820014498a01']","[PREMIUM]","[PREMIUM]"
"699a4b1c86b933b13f91c8cd","2026-02-24 15:54:52.642","2026-03-10 10:41:23.449","699a4b1c86b933b13f91c8cd","TBD at Philadelphia 76ers (Round 2 - Home Game 1) (Date TBD) (If Necessary)","nba","2026-05-04 00:00:00","2026-05-04 04:00:00","2026-05-04 04:45:00",true,true,true,"[PREMIUM]","[PREMIUM]","[PREMIUM]","[PREMIUM]","[PREMIUM]","[PREMIUM]",false,false,"546d101a3bf3767afe000001","['546d103b3bf3767afe00000a','5a99e2126311820014498a01']","[PREMIUM]","[PREMIUM]"
"699d27bd1cd40bb0bd7abfcf","2026-02-24 15:54:52.642","2026-03-10 10:41:15.839","699d27bd1cd40bb0bd7abfcf","Noizu","music","2026-05-02 20:00:00","2026-05-03 03:00:00","2026-05-03 04:30:00",false,false,false,"[PREMIUM]","[PREMIUM]","[PREMIUM]","[PREMIUM]","[PREMIUM]","[PREMIUM]",false,true,"6850374e6ed9d7e9952d5865","['63a64e5ea8edc20001434820']","[PREMIUM]","[PREMIUM]"
"699cd61ffda7968790b004fa","2026-02-24 15:54:52.642","2026-03-10 10:41:15.839","699cd61ffda7968790b004fa","Ali Wong","comedy","2026-05-02 20:00:00","2026-05-03 03:00:00","2026-05-03 04:00:00",false,false,false,"[PREMIUM]","[PREMIUM]","[PREMIUM]","[PREMIUM]","[PREMIUM]","[PREMIUM]",false,true,"67253250d798e0f554ccec0b","['594ad7e625f2c54b25b339aa']","[PREMIUM]","[PREMIUM]"
"699d27e120560580a7e8fe5b","2026-02-24 15:54:52.642","2026-03-10 10:41:15.839","699d27e120560580a7e8fe5b","Death Angel","music","2026-05-03 18:30:00","2026-05-03 23:30:00","2026-05-04 01:00:00",false,false,false,"[PREMIUM]","[PREMIUM]","[PREMIUM]","[PREMIUM]","[PREMIUM]","[PREMIUM]",false,true,"57d9795c50575d33c87759e5","['5db1d33869434a00385937bb']","[PREMIUM]","[PREMIUM]"
"699d96c512c013fa8c0c7b09","2026-02-24 15:54:52.642","2026-03-10 10:41:15.839","699d96c512c013fa8c0c7b09","Masood Boomgard","comedy","2026-05-03 19:00:00","2026-05-04 02:00:00","2026-05-04 02:00:00",false,false,false,"[PREMIUM]","[PREMIUM]","[PREMIUM]","[PREMIUM]","[PREMIUM]","[PREMIUM]",false,true,"669ed1f79427117b2b57084d","['67f592e65a9790227ff3b1b1']","[PREMIUM]","[PREMIUM]"
"699a518993ba9599794d848a","2026-02-24 15:54:43.964","2026-03-10 10:41:07.922","699a518993ba9599794d848a","TBD at Golden State Warriors (Round 1 - Home Game 4) (Date TBD) (If Necessary)","nba","2026-05-02 00:00:00","2026-05-02 07:00:00","2026-05-02 07:20:00",true,true,true,"[PREMIUM]","[PREMIUM]","[PREMIUM]","[PREMIUM]","[PREMIUM]","[PREMIUM]",false,false,"5c926e3f63154c00173f2ef8","['5270135d3bf376613a000003','5a99e2126311820014498a01']","[PREMIUM]","[PREMIUM]"
"699a4ba67dd684d8e34c03dc","2026-02-24 15:54:43.964","2026-03-10 10:41:07.922","699a4ba67dd684d8e34c03dc","TBD at Minnesota Timberwolves (Round 1 - Home Game 4) (Date TBD) (If Necessary)","nba","2026-05-02 00:00:00","2026-05-02 05:00:00","2026-05-02 05:45:00",true,true,true,"[PREMIUM]","[PREMIUM]","[PREMIUM]","[PREMIUM]","[PREMIUM]","[PREMIUM]",false,false,"544ad8753bf3764587000002","['544ad8943bf3764587000009','5a99e2126311820014498a01','67ffd3f1ef22b539ed5cca2c']","[PREMIUM]","[PREMIUM]"
"699a4b1c7340e52b2c22f0de","2026-02-24 15:54:43.964","2026-03-10 10:41:07.922","699a4b1c7340e52b2c22f0de","TBD at Philadelphia 76ers (Round 1 - Home Game 4) (Date TBD) (If Necessary)","nba","2026-05-02 00:00:00","2026-05-02 04:00:00","2026-05-02 04:45:00",true,true,true,"[PREMIUM]","[PREMIUM]","[PREMIUM]","[PREMIUM]","[PREMIUM]","[PREMIUM]",false,false,"546d101a3bf3767afe000001","['546d103b3bf3767afe00000a','5a99e2126311820014498a01']","[PREMIUM]","[PREMIUM]"
"699d280818e82d9e339aef6c","2026-02-24 15:54:43.964","2026-03-10 10:41:07.922","699d280818e82d9e339aef6c","Dorothy","music","2026-05-01 20:00:00","2026-05-02 00:00:00","2026-05-02 01:00:00",false,false,false,"[PREMIUM]","[PREMIUM]","[PREMIUM]","[PREMIUM]","[PREMIUM]","[PREMIUM]",false,true,"66db786ad5b39832fb8445c2","['5a13715c25f2c55e95e137c4']","[PREMIUM]","[PREMIUM]"
"696e9353b325e6b6fbe41f10","2026-02-24 15:54:34.771","2026-03-10 10:40:59.851","696e9353b325e6b6fbe41f10","Chippendales","music","2026-04-30 20:00:00","2026-05-01 00:00:00","2026-05-01 01:00:00",false,false,false,"[PREMIUM]","[PREMIUM]","[PREMIUM]","[PREMIUM]","[PREMIUM]","[PREMIUM]",false,false,"5c7556d9dcbeb70015eef27c","['59e502d025f2c57be8eecf9c']","[PREMIUM]","[PREMIUM]"
"699a5065423776b8e63e64ed","2026-02-24 15:54:34.771","2026-03-10 10:40:59.851","699a5065423776b8e63e64ed","Dogs In A Pile","music","2026-05-01 19:00:00","2026-05-02 00:00:00","2026-05-02 01:30:00",false,false,false,"[PREMIUM]","[PREMIUM]","[PREMIUM]","[PREMIUM]","[PREMIUM]","[PREMIUM]",false,false,"57c61b85f80c4132e419902e","['64683dfc12f83d000124305d']","[PREMIUM]","[PREMIUM]"
"697a8d727168efb6bbf9fc97","2026-02-24 15:54:34.771","2026-03-10 10:40:59.851","697a8d727168efb6bbf9fc97","slchld","music","2026-05-01 19:00:00","2026-05-02 00:00:00","2026-05-02 00:00:00",false,false,false,"[PREMIUM]","[PREMIUM]","[PREMIUM]","[PREMIUM]","[PREMIUM]","[PREMIUM]",false,false,"57b5de9cf80c41264bb99858","['662822adee858bc72ad98078']","[PREMIUM]","[PREMIUM]"
"699d27a712c013fa8c0c574e","2026-02-24 15:54:34.771","2026-03-10 10:40:59.851","699d27a712c013fa8c0c574e","Jess Hilarious (21+ Event)","comedy","2026-05-01 19:00:00","2026-05-01 23:00:00","2026-05-02 00:30:00",false,false,false,"[PREMIUM]","[PREMIUM]","[PREMIUM]","[PREMIUM]","[PREMIUM]","[PREMIUM]",false,true,"66a03d1c4590404d60b36671","['620eef51d37f660001bc8cac']","[PREMIUM]","[PREMIUM]"
"699d27bd36fa2ef4c551799a","2026-02-24 15:54:34.771","2026-03-10 10:40:59.851","699d27bd36fa2ef4c551799a","Death Angel","music","2026-05-01 18:30:00","2026-05-02 01:30:00","2026-05-02 03:00:00",false,false,false,"[PREMIUM]","[PREMIUM]","[PREMIUM]","[PREMIUM]","[PREMIUM]","[PREMIUM]",false,false,"57e2e87350575d33c8a43268","['5db1d33869434a00385937bb']","[PREMIUM]","[PREMIUM]"
"699d27691cd40bb0bd7abf67","2026-02-24 15:54:34.771","2026-03-10 10:40:59.851","699d27691cd40bb0bd7abf67","Jackson Dean","music","2026-04-30 19:30:00","2026-05-01 00:30:00","2026-05-01 00:30:00",false,false,false,"[PREMIUM]","[PREMIUM]","[PREMIUM]","[PREMIUM]","[PREMIUM]","[PREMIUM]",false,true,"653307e700c8fa8861d82135","['6542a81704500f8d4d0e5b69']","[PREMIUM]","[PREMIUM]"
"6979576880b21763fd00dbe9","2026-02-24 15:54:26.235","2026-03-10 10:40:52.239","6979576880b21763fd00dbe9","Pop Evil","music","2026-04-29 20:00:00","2026-04-30 00:00:00","2026-04-30 01:00:00",false,false,false,"[PREMIUM]","[PREMIUM]","[PREMIUM]","[PREMIUM]","[PREMIUM]","[PREMIUM]",false,false,"5a2057e5eab5c4000efd5dd6","['582be30df80c41556b3043db']","[PREMIUM]","[PREMIUM]"
"699d26c1706fb4505621884a","2026-02-24 15:54:26.235","2026-03-10 10:40:52.239","699d26c1706fb4505621884a","Menopause the Musical","theater","2026-04-30 16:00:00","2026-04-30 23:00:00","2026-04-30 23:00:00",false,false,false,"[PREMIUM]","[PREMIUM]","[PREMIUM]","[PREMIUM]","[PREMIUM]","[PREMIUM]",false,true,"65f200855af108e82a8c4c7a","['65fdd5da0d1693a2ca558692']","[PREMIUM]","[PREMIUM]"
"699d26c106ea50696187781d","2026-02-24 15:54:26.235","2026-03-10 10:40:52.239","699d26c106ea50696187781d","Menopause the Musical (14+ Event)","theater","2026-04-29 16:00:00","2026-04-29 23:00:00","2026-04-29 23:00:00",false,false,false,"[PREMIUM]","[PREMIUM]","[PREMIUM]","[PREMIUM]","[PREMIUM]","[PREMIUM]",false,true,"65f200855af108e82a8c4c7a","['65fdd5da0d1693a2ca558692']","[PREMIUM]","[PREMIUM]"
"699a4ba50b0ab38f5bfc35f8","2026-02-24 15:54:18.297","2026-03-10 10:40:44.240","699a4ba50b0ab38f5bfc35f8","TBD at Minnesota Timberwolves (Round 1 - Home Game 3) (Date TBD) (If Necessary)","nba","2026-04-27 00:00:00","2026-04-27 05:00:00","2026-04-27 05:45:00",true,true,true,"[PREMIUM]","[PREMIUM]","[PREMIUM]","[PREMIUM]","[PREMIUM]","[PREMIUM]",false,false,"544ad8753bf3764587000002","['544ad8943bf3764587000009','5a99e2126311820014498a01','67ffd3f1ef22b539ed5cca2c']","[PREMIUM]","[PREMIUM]"
"699a51899c1383da938edf80","2026-02-24 15:54:18.297","2026-03-10 10:40:44.240","699a51899c1383da938edf80","TBD at Golden State Warriors (Round 1 - Home Game 3) (Date TBD) (If Necessary)","nba","2026-04-27 00:00:00","2026-04-27 07:00:00","2026-04-27 07:20:00",true,true,true,"[PREMIUM]","[PREMIUM]","[PREMIUM]","[PREMIUM]","[PREMIUM]","[PREMIUM]",false,false,"5c926e3f63154c00173f2ef8","['5270135d3bf376613a000003','5a99e2126311820014498a01']","[PREMIUM]","[PREMIUM]"
"699a4bbc7340e52b2c22f10a","2026-02-24 15:54:18.297","2026-03-10 10:40:44.240","699a4bbc7340e52b2c22f10a","WNBA Preseason - Nigeria at Minnesota Lynx","wnba","2026-04-27 19:00:00","2026-04-28 00:00:00","2026-04-28 01:30:00",false,false,false,"[PREMIUM]","[PREMIUM]","[PREMIUM]","[PREMIUM]","[PREMIUM]","[PREMIUM]",false,false,"56c4e205f80c412275000002","['5967f08325f2c52b597fb026']","[PREMIUM]","[PREMIUM]"
"699a4b14706fb45056207484","2026-02-24 15:54:18.297","2026-03-10 10:40:44.240","699a4b14706fb45056207484","TBD at Philadelphia 76ers (Round 1 - Home Game 3) (Date TBD) (If Necessary)","nba","2026-04-27 00:00:00","2026-04-27 04:00:00","2026-04-27 04:45:00",true,true,true,"[PREMIUM]","[PREMIUM]","[PREMIUM]","[PREMIUM]","[PREMIUM]","[PREMIUM]",false,false,"546d101a3bf3767afe000001","['546d103b3bf3767afe00000a','5a99e2126311820014498a01']","[PREMIUM]","[PREMIUM]"
"699cd888a649fb28b47c8cdc","2026-02-24 15:54:18.297","2026-03-10 10:40:44.240","699cd888a649fb28b47c8cdc","Ali Wong","comedy","2026-04-26 19:00:00","2026-04-27 02:00:00","2026-04-27 03:00:00",false,false,false,"[PREMIUM]","[PREMIUM]","[PREMIUM]","[PREMIUM]","[PREMIUM]","[PREMIUM]",false,true,"639cb79869b10300012c8cc0","['594ad7e625f2c54b25b339aa']","[PREMIUM]","[PREMIUM]"
"699d290512c013fa8c0c5861","2026-02-24 15:54:18.297","2026-03-10 10:40:44.240","699d290512c013fa8c0c5861","Banda Ms","music","2026-04-26 13:00:00","2026-04-26 19:00:00","2026-04-26 20:30:00",false,false,false,"[PREMIUM]","[PREMIUM]","[PREMIUM]","[PREMIUM]","[PREMIUM]","[PREMIUM]",false,false,"5a74c25a3fc80e0012845895","['5b8f1e24b5aa6d0013ba0252']","[PREMIUM]","[PREMIUM]"
"687177b65f73375e9cbc2b95","2026-02-24 15:54:09.924","2026-03-10 10:40:36.673","687177b65f73375e9cbc2b95","Carolina Ascent FC at Tampa Bay Sun FC","soccer","2026-04-25 19:30:00","2026-04-25 23:30:00","2026-04-25 23:30:00",false,false,false,"[PREMIUM]","[PREMIUM]","[PREMIUM]","[PREMIUM]","[PREMIUM]","[PREMIUM]",false,true,"699c79689480946ca4226734","['673389cfa707892e10686357','67350ec66acb48fb2dfef232']","[PREMIUM]","[PREMIUM]"
"699a520b18e82d9e3399dd7b","2026-02-24 15:54:09.924","2026-03-10 10:40:36.673","699a520b18e82d9e3399dd7b","WNBA Preseason - Minnesota Lynx at Washington Mystics","wnba","2026-04-25 19:30:00","2026-04-25 23:30:00","2026-04-26 01:00:00",false,false,false,"[PREMIUM]","[PREMIUM]","[PREMIUM]","[PREMIUM]","[PREMIUM]","[PREMIUM]",false,false,"5bb246df2e7ee30012cb522a","['5967f08325f2c52b597fb02a','5967f08325f2c52b597fb026']","[PREMIUM]","[PREMIUM]"
"6972bd99761a24f82e18fe5d","2026-02-24 15:54:09.924","2026-03-10 10:40:36.673","6972bd99761a24f82e18fe5d","A Flock of Seagulls","music","2026-04-25 20:00:00","2026-04-26 00:00:00","2026-04-26 00:00:00",false,false,false,"[PREMIUM]","[PREMIUM]","[PREMIUM]","[PREMIUM]","[PREMIUM]","[PREMIUM]",false,false,"64c31ce40e8f5d0001080d7c","['65552f96241b5e764491e11f']","[PREMIUM]","[PREMIUM]"
"699cd6a50c5b1bb4a82bf0f7","2026-02-24 15:54:09.924","2026-03-10 10:40:44.240","699cd6a50c5b1bb4a82bf0f7","Juice","music","2026-04-25 20:00:00","2026-04-26 00:00:00","2026-04-26 01:30:00",false,false,false,"[PREMIUM]","[PREMIUM]","[PREMIUM]","[PREMIUM]","[PREMIUM]","[PREMIUM]",false,true,"63c875ccb0dc8500018b030e","['5df2ba3b90021500395ca954']","[PREMIUM]","[PREMIUM]"
"699d2793e648b1c3ad902515","2026-02-24 15:54:09.924","2026-03-10 10:40:36.673","699d2793e648b1c3ad902515","Buffalo Philharmonic Orchestra - Mendelssohn and Dvorak","music","2026-04-25 19:30:00","2026-04-25 23:30:00","2026-04-25 23:30:00",false,false,false,"[PREMIUM]","[PREMIUM]","[PREMIUM]","[PREMIUM]","[PREMIUM]","[PREMIUM]",false,true,"66f5b826e136245f843f222e","['67361e4b3eb58926e0e0b1b5']","[PREMIUM]","[PREMIUM]"
"699a4ad1c58814b45bc51d88","2026-02-24 15:54:00.821","2026-03-10 10:40:28.176","699a4ad1c58814b45bc51d88","Earlybirds Club","music","2026-04-24 18:00:00","2026-04-24 22:00:00","2026-04-24 22:00:00",false,false,false,"[PREMIUM]","[PREMIUM]","[PREMIUM]","[PREMIUM]","[PREMIUM]","[PREMIUM]",false,true,"6815080e45129a1a3977fe48","['695345d87d32ad72026729ff']","[PREMIUM]","[PREMIUM]"
"698a5f52a3277c80a8782906","2026-02-24 15:54:00.821","2026-03-10 10:40:28.176","698a5f52a3277c80a8782906","Jack Ingram and Friends","music","2026-04-24 20:00:00","2026-04-25 01:00:00","2026-04-25 02:00:00",false,false,false,"[PREMIUM]","[PREMIUM]","[PREMIUM]","[PREMIUM]","[PREMIUM]","[PREMIUM]",false,false,"5bb38a9d61022b001432f380","['5a7de49225f2c571ede72fab']","[PREMIUM]","[PREMIUM]"
"699d279303d497d143217967","2026-02-24 15:54:00.821","2026-03-10 10:40:28.176","699d279303d497d143217967","Buffalo Philharmonic Orchestra - Mendelssohn and Dvorak","music","2026-04-24 10:30:00","2026-04-24 14:30:00","2026-04-24 14:30:00",false,false,false,"[PREMIUM]","[PREMIUM]","[PREMIUM]","[PREMIUM]","[PREMIUM]","[PREMIUM]",false,true,"66f5b826e136245f843f222e","['67361e4b3eb58926e0e0b1b5']","[PREMIUM]","[PREMIUM]"
"699a4ba536fa2ef4c550627d","2026-02-24 15:53:51.835","2026-03-10 10:40:20.555","699a4ba536fa2ef4c550627d","TBD at Minnesota Timberwolves (Round 1 - Home Game 2) (Date TBD) (If Necessary)","nba","2026-04-22 00:00:00","2026-04-22 05:00:00","2026-04-22 05:45:00",true,true,true,"[PREMIUM]","[PREMIUM]","[PREMIUM]","[PREMIUM]","[PREMIUM]","[PREMIUM]",false,false,"544ad8753bf3764587000002","['544ad8943bf3764587000009','5a99e2126311820014498a01','67ffd3f1ef22b539ed5cca2c']","[PREMIUM]","[PREMIUM]"
"69715633f87aabcb40384a19","2026-02-24 15:53:51.835","2026-03-10 10:40:20.555","69715633f87aabcb40384a19","Marlon Funaki","music","2026-04-22 00:00:00","2026-04-22 05:00:00","2026-04-22 05:00:00",false,true,false,"[PREMIUM]","[PREMIUM]","[PREMIUM]","[PREMIUM]","[PREMIUM]","[PREMIUM]",false,false,"5e4eb861c76de3003d55cf4d","['66f1ea13a3e20e9040184c02']","[PREMIUM]","[PREMIUM]"
"699a4b1493ba9599794d821a","2026-02-24 15:53:51.835","2026-03-10 10:40:20.555","699a4b1493ba9599794d821a","TBD at Philadelphia 76ers (Round 1 - Home Game 2) (Date TBD) (If Necessary)","nba","2026-04-22 00:00:00","2026-04-22 04:00:00","2026-04-22 04:45:00",true,true,true,"[PREMIUM]","[PREMIUM]","[PREMIUM]","[PREMIUM]","[PREMIUM]","[PREMIUM]",false,false,"546d101a3bf3767afe000001","['546d103b3bf3767afe00000a','5a99e2126311820014498a01']","[PREMIUM]","[PREMIUM]"
"699a51890609d53ad9cfbaf0","2026-02-24 15:53:51.835","2026-03-10 10:40:20.555","699a51890609d53ad9cfbaf0","TBD at Golden State Warriors (Round 1 - Home Game 2) (Date TBD) (If Necessary)","nba","2026-04-22 00:00:00","2026-04-22 07:00:00","2026-04-22 07:20:00",true,true,true,"[PREMIUM]","[PREMIUM]","[PREMIUM]","[PREMIUM]","[PREMIUM]","[PREMIUM]",false,false,"5c926e3f63154c00173f2ef8","['5270135d3bf376613a000003','5a99e2126311820014498a01']","[PREMIUM]","[PREMIUM]"
"69718e4fe670d526d6858a0d","2026-02-24 15:53:51.835","2026-03-10 10:40:20.555","69718e4fe670d526d6858a0d","The Wailers","music","2026-04-23 19:30:00","2026-04-24 00:30:00","2026-04-24 01:30:00",false,false,false,"[PREMIUM]","[PREMIUM]","[PREMIUM]","[PREMIUM]","[PREMIUM]","[PREMIUM]",false,false,"61c113b76a1d8d0001d14b35","['5a720e8225f2c54f6e6940d9']","[PREMIUM]","[PREMIUM]"
"699d26c15802fd6122e15cf6","2026-02-24 15:53:51.835","2026-03-10 10:40:20.555","699d26c15802fd6122e15cf6","Menopause the Musical (14+ Event)","theater","2026-04-22 16:00:00","2026-04-22 23:00:00","2026-04-22 23:00:00",false,false,false,"[PREMIUM]","[PREMIUM]","[PREMIUM]","[PREMIUM]","[PREMIUM]","[PREMIUM]",false,true,"65f200855af108e82a8c4c7a","['65fdd5da0d1693a2ca558692']","[PREMIUM]","[PREMIUM]"
"699d26c103d497d14321786b","2026-02-24 15:53:51.835","2026-03-10 10:40:20.555","699d26c103d497d14321786b","Menopause the Musical","theater","2026-04-23 16:00:00","2026-04-23 23:00:00","2026-04-23 23:00:00",false,false,false,"[PREMIUM]","[PREMIUM]","[PREMIUM]","[PREMIUM]","[PREMIUM]","[PREMIUM]",false,true,"65f200855af108e82a8c4c7a","['65fdd5da0d1693a2ca558692']","[PREMIUM]","[PREMIUM]"
"699a30e287e76d04164867b8","2026-02-24 15:53:43.171","2026-03-10 10:40:12.586","699a30e287e76d04164867b8","Courtney Marie Andrews","music","2026-04-19 19:00:00","2026-04-19 23:00:00","2026-04-20 00:30:00",false,false,false,"[PREMIUM]","[PREMIUM]","[PREMIUM]","[PREMIUM]","[PREMIUM]","[PREMIUM]",false,true,"69446e107202511770e35542","['6303eda7bf06810001cb79ce']","[PREMIUM]","[PREMIUM]"
"699bdcbf962831c8ddc57e91","2026-02-24 15:53:43.171","2026-03-10 10:40:12.586","699bdcbf962831c8ddc57e91","American Aquarium","music","2026-04-21 19:00:00","2026-04-22 00:00:00","2026-04-22 01:30:00",false,false,false,"[PREMIUM]","[PREMIUM]","[PREMIUM]","[PREMIUM]","[PREMIUM]","[PREMIUM]",false,true,"67e312539bd83d6ba481f880","['5aa2c0e241bd2f001344a7d4']","[PREMIUM]","[PREMIUM]"
"699d2c6693ba9599794e9d2d","2026-02-24 15:53:43.171","2026-03-10 10:40:12.586","699d2c6693ba9599794e9d2d","Fleshgod Apocalypse","music","2026-04-21 19:00:00","2026-04-22 00:00:00","2026-04-22 01:30:00",false,false,false,"[PREMIUM]","[PREMIUM]","[PREMIUM]","[PREMIUM]","[PREMIUM]","[PREMIUM]",false,true,"5a14c3e514647c0011c82016","['5dced294e078d5003a487fc3']","[PREMIUM]","[PREMIUM]"
"699d26c30609d53ad9d0ccd1","2026-02-24 15:53:43.171","2026-03-10 10:40:12.586","699d26c30609d53ad9d0ccd1","Jimmy Dore","comedy","2026-04-19 19:00:00","2026-04-20 02:00:00","2026-04-20 02:00:00",false,false,false,"[PREMIUM]","[PREMIUM]","[PREMIUM]","[PREMIUM]","[PREMIUM]","[PREMIUM]",false,true,"669ed1f79427117b2b57084d","['66350b1bc656eaa2db2a8810']","[PREMIUM]","[PREMIUM]"
"699a51880b0ab38f5bfc3835","2026-02-24 15:53:34.238","2026-03-10 10:40:05.389","699a51880b0ab38f5bfc3835","TBD at Golden State Warriors (Round 1 - Home Game 1) (Date TBD) (If Necessary)","nba","2026-04-19 00:00:00","2026-04-19 07:00:00","2026-04-19 07:20:00",true,true,true,"[PREMIUM]","[PREMIUM]","[PREMIUM]","[PREMIUM]","[PREMIUM]","[PREMIUM]",false,false,"5c926e3f63154c00173f2ef8","['5270135d3bf376613a000003','5a99e2126311820014498a01']","[PREMIUM]","[PREMIUM]"
"699a303918e82d9e3399cf91","2026-02-24 15:53:34.238","2026-03-10 10:40:05.389","699a303918e82d9e3399cf91","Drain","music","2026-04-18 19:00:00","2026-04-19 02:00:00","2026-04-19 03:30:00",false,false,false,"[PREMIUM]","[PREMIUM]","[PREMIUM]","[PREMIUM]","[PREMIUM]","[PREMIUM]",false,true,"67e3125c59d557a32af058f7","['641b8380f099a70001741201']","[PREMIUM]","[PREMIUM]"
"699a4b141cd40bb0bd79aa48","2026-02-24 15:53:34.238","2026-03-10 10:40:05.389","699a4b141cd40bb0bd79aa48","TBD at Philadelphia 76ers (Round 1 - Home Game 1) (Date TBD) (If Necessary)","nba","2026-04-19 00:00:00","2026-04-19 04:00:00","2026-04-19 04:45:00",true,true,true,"[PREMIUM]","[PREMIUM]","[PREMIUM]","[PREMIUM]","[PREMIUM]","[PREMIUM]",false,false,"546d101a3bf3767afe000001","['546d103b3bf3767afe00000a','5a99e2126311820014498a01']","[PREMIUM]","[PREMIUM]"
"699a4ba48dde1feeb12ae693","2026-02-24 15:53:34.238","2026-03-10 10:40:05.389","699a4ba48dde1feeb12ae693","TBD at Minnesota Timberwolves (Round 1 - Home Game 1) (Date TBD) (If Necessary)","nba","2026-04-19 00:00:00","2026-04-19 05:00:00","2026-04-19 05:45:00",true,true,true,"[PREMIUM]","[PREMIUM]","[PREMIUM]","[PREMIUM]","[PREMIUM]","[PREMIUM]",false,false,"544ad8753bf3764587000002","['544ad8943bf3764587000009','5a99e2126311820014498a01','67ffd3f1ef22b539ed5cca2c']","[PREMIUM]","[PREMIUM]"
"699d96c2e648b1c3ad9047d0","2026-02-24 15:53:34.238","2026-03-10 10:40:05.389","699d96c2e648b1c3ad9047d0","Tony Baker","comedy","2026-04-18 19:00:00","2026-04-19 02:00:00","2026-04-19 03:30:00",false,false,false,"[PREMIUM]","[PREMIUM]","[PREMIUM]","[PREMIUM]","[PREMIUM]","[PREMIUM]",false,true,"669ed1f79427117b2b57084d","['61b289a56a68c6000140289c']","[PREMIUM]","[PREMIUM]"
"699d96c2adf65bfad23ff5db","2026-02-24 15:53:34.238","2026-03-10 10:40:05.389","699d96c2adf65bfad23ff5db","Tony Baker","comedy","2026-04-18 21:30:00","2026-04-19 04:30:00","2026-04-19 06:00:00",false,false,false,"[PREMIUM]","[PREMIUM]","[PREMIUM]","[PREMIUM]","[PREMIUM]","[PREMIUM]",false,true,"669ed1f79427117b2b57084d","['61b289a56a68c6000140289c']","[PREMIUM]","[PREMIUM]"
"699a519318e82d9e3399dd32","2026-02-24 15:53:25.865","2026-03-10 10:39:49.360","699a519318e82d9e3399dd32","Ottawa Rapid FC at Bay FC","nwsl","2026-04-17 19:00:00","2026-04-18 02:00:00","2026-04-18 02:00:00",false,false,false,"[PREMIUM]","[PREMIUM]","[PREMIUM]","[PREMIUM]","[PREMIUM]","[PREMIUM]",false,false,"54b089da3bf3766905000001","['65b03be1825e7e708be8fd8f']","[PREMIUM]","[PREMIUM]"
"699c61f95cec0370db50f974","2026-02-24 15:53:25.865","2026-03-10 10:39:56.989","699c61f95cec0370db50f974","Pentagram (21+ Event)","music","2026-04-17 19:30:00","2026-04-18 02:30:00","2026-04-18 02:30:00",false,false,false,"[PREMIUM]","[PREMIUM]","[PREMIUM]","[PREMIUM]","[PREMIUM]","[PREMIUM]",false,false,"61c3a620dea1f70001288b01","['676b3a4491e572c35fc3a08b']","[PREMIUM]","[PREMIUM]"
"699d96c29480946ca422dc45","2026-02-24 15:53:25.865","2026-03-10 10:39:49.360","699d96c29480946ca422dc45","Tony Baker","comedy","2026-04-17 19:00:00","2026-04-18 02:00:00","2026-04-18 03:30:00",false,false,false,"[PREMIUM]","[PREMIUM]","[PREMIUM]","[PREMIUM]","[PREMIUM]","[PREMIUM]",false,true,"669ed1f79427117b2b57084d","['61b289a56a68c6000140289c']","[PREMIUM]","[PREMIUM]"
"699d96c203d497d143219c28","2026-02-24 15:53:25.865","2026-03-10 10:39:56.989","699d96c203d497d143219c28","Tony Baker","comedy","2026-04-17 21:30:00","2026-04-18 04:30:00","2026-04-18 06:00:00",false,false,false,"[PREMIUM]","[PREMIUM]","[PREMIUM]","[PREMIUM]","[PREMIUM]","[PREMIUM]",false,true,"669ed1f79427117b2b57084d","['61b289a56a68c6000140289c']","[PREMIUM]","[PREMIUM]"
"699a4ba70b0ab38f5bfc35f9","2026-02-24 15:53:17.257","2026-03-10 10:39:41.854","699a4ba70b0ab38f5bfc35f9","Play In - TBD at Minnesota Timberwolves (Home Game 2) (Date TBD) (If Necessary)","nba","2026-04-16 00:00:00","2026-04-16 05:00:00","2026-04-16 05:45:00",true,true,true,"[PREMIUM]","[PREMIUM]","[PREMIUM]","[PREMIUM]","[PREMIUM]","[PREMIUM]",false,false,"544ad8753bf3764587000002","['544ad8943bf3764587000009','5a99e2126311820014498a01']","[PREMIUM]","[PREMIUM]"
"699a5188706fb450562076fd","2026-02-24 15:53:17.257","2026-03-10 10:39:41.854","699a5188706fb450562076fd","Play In - TBD at Golden State Warriors (Home Game 2) (Date TBD) (If Necessary)","nba","2026-04-16 00:00:00","2026-04-16 07:00:00","2026-04-16 07:20:00",true,true,true,"[PREMIUM]","[PREMIUM]","[PREMIUM]","[PREMIUM]","[PREMIUM]","[PREMIUM]",false,false,"5c926e3f63154c00173f2ef8","['5270135d3bf376613a000003','5a99e2126311820014498a01']","[PREMIUM]","[PREMIUM]"
"699a4b1086b933b13f91c8cb","2026-02-24 15:53:17.257","2026-03-10 10:39:41.854","699a4b1086b933b13f91c8cb","Play In - TBD at Philadelphia 76ers (Home Game 2) (Date TBD) (If Necessary)","nba","2026-04-16 00:00:00","2026-04-16 04:00:00","2026-04-16 04:45:00",true,true,true,"[PREMIUM]","[PREMIUM]","[PREMIUM]","[PREMIUM]","[PREMIUM]","[PREMIUM]",false,false,"546d101a3bf3767afe000001","['546d103b3bf3767afe00000a','5a99e2126311820014498a01']","[PREMIUM]","[PREMIUM]"
"699d2c9ec0897df3481eb088","2026-02-24 15:53:17.257","2026-03-10 10:39:41.854","699d2c9ec0897df3481eb088","Mind Enterprises","music","2026-04-15 20:00:00","2026-04-16 03:00:00","2026-04-16 03:00:00",false,false,false,"[PREMIUM]","[PREMIUM]","[PREMIUM]","[PREMIUM]","[PREMIUM]","[PREMIUM]",false,false,"59e918f015c858000e95ac44","['68d1b98ad8d8b0d8f32cca59']","[PREMIUM]","[PREMIUM]"
"699d2793962831c8ddc606be","2026-02-24 15:53:17.257","2026-03-10 10:39:49.360","699d2793962831c8ddc606be","Buffalo Philharmonic Orchestra - Disney in Concert","music","2026-04-17 10:30:00","2026-04-17 14:30:00","2026-04-17 14:30:00",false,false,false,"[PREMIUM]","[PREMIUM]","[PREMIUM]","[PREMIUM]","[PREMIUM]","[PREMIUM]",false,true,"66f5b826e136245f843f222e","['67361e4b3eb58926e0e0b1b5']","[PREMIUM]","[PREMIUM]"
"699d2c5e684ce42d7528e0aa","2026-02-24 15:53:17.257","2026-03-10 10:39:49.360","699d2c5e684ce42d7528e0aa","NCAA Gymnastics Championship - All Sessions","gymnastics","2026-04-16 13:59:00","2026-04-16 18:59:00","2026-04-16 20:29:00",false,false,false,"[PREMIUM]","[PREMIUM]","[PREMIUM]","[PREMIUM]","[PREMIUM]","[PREMIUM]",false,false,"5caf64d50b94030015ded8ef","['638e7b78d3252d0001e0db6c']","[PREMIUM]","[PREMIUM]"
"699d26c186b933b13f92db99","2026-02-24 15:53:17.257","2026-03-10 10:39:49.360","699d26c186b933b13f92db99","Menopause the Musical (14+ Event)","theater","2026-04-16 16:00:00","2026-04-16 23:00:00","2026-04-16 23:00:00",false,false,false,"[PREMIUM]","[PREMIUM]","[PREMIUM]","[PREMIUM]","[PREMIUM]","[PREMIUM]",false,true,"65f200855af108e82a8c4c7a","['65fdd5da0d1693a2ca558692']","[PREMIUM]","[PREMIUM]"
"699a4b10fda7968790af17e3","2026-02-24 15:53:08.569","2026-03-10 10:39:41.854","699a4b10fda7968790af17e3","Play In - TBD at Philadelphia 76ers (Home Game 1) (Date TBD) (If Necessary)","nba","2026-04-14 00:00:00","2026-04-14 04:00:00","2026-04-14 04:45:00",true,true,true,"[PREMIUM]","[PREMIUM]","[PREMIUM]","[PREMIUM]","[PREMIUM]","[PREMIUM]",false,false,"546d101a3bf3767afe000001","['546d103b3bf3767afe00000a','5a99e2126311820014498a01']","[PREMIUM]","[PREMIUM]"
"699a518bfda7968790af1a3a","2026-02-24 15:53:08.569","2026-03-10 10:39:41.854","699a518bfda7968790af1a3a","Play In - TBD at Golden State Warriors (Home Game 1) (Date TBD) (If Necessary)","nba","2026-04-14 00:00:00","2026-04-14 07:00:00","2026-04-14 07:20:00",true,true,true,"[PREMIUM]","[PREMIUM]","[PREMIUM]","[PREMIUM]","[PREMIUM]","[PREMIUM]",false,false,"5c926e3f63154c00173f2ef8","['5270135d3bf376613a000003','5a99e2126311820014498a01']","[PREMIUM]","[PREMIUM]"
"699a4ba5be2cf85ba9bb76a0","2026-02-24 15:53:08.569","2026-03-10 10:39:41.854","699a4ba5be2cf85ba9bb76a0","Play In - TBD at Minnesota Timberwolves (Home Game 1) (Date TBD) (If Necessary)","nba","2026-04-14 00:00:00","2026-04-14 05:00:00","2026-04-14 05:45:00",true,true,true,"[PREMIUM]","[PREMIUM]","[PREMIUM]","[PREMIUM]","[PREMIUM]","[PREMIUM]",false,false,"544ad8753bf3764587000002","['544ad8943bf3764587000009','5a99e2126311820014498a01']","[PREMIUM]","[PREMIUM]"
"699d26c1775ef5a15fc93a06","2026-02-24 15:53:08.569","2026-03-10 10:39:41.854","699d26c1775ef5a15fc93a06","Menopause the Musical (14+ Event)","theater","2026-04-15 16:00:00","2026-04-15 23:00:00","2026-04-15 23:00:00",false,false,false,"[PREMIUM]","[PREMIUM]","[PREMIUM]","[PREMIUM]","[PREMIUM]","[PREMIUM]",false,true,"65f200855af108e82a8c4c7a","['65fdd5da0d1693a2ca558692']","[PREMIUM]","[PREMIUM]"
"699d96c3e1e683b2b995a4a5","2026-02-24 15:53:08.569","2026-03-10 10:39:41.854","699d96c3e1e683b2b995a4a5","Noah Gardenswartz","comedy","2026-04-14 19:30:00","2026-04-15 02:30:00","2026-04-15 02:30:00",false,false,false,"[PREMIUM]","[PREMIUM]","[PREMIUM]","[PREMIUM]","[PREMIUM]","[PREMIUM]",false,true,"669ed1f79427117b2b57084d","['651b16b42cb886127eddfc3a']","[PREMIUM]","[PREMIUM]"
"699a4b34ff6e4049829bb717","2026-02-24 15:53:00.376","2026-03-10 10:39:20.669","699a4b34ff6e4049829bb717","The Emo Night Tour","music","2026-04-11 20:00:00","2026-04-12 00:00:00","2026-04-12 00:00:00",false,false,false,"[PREMIUM]","[PREMIUM]","[PREMIUM]","[PREMIUM]","[PREMIUM]","[PREMIUM]",false,false,"61fc68f20189970001fb2626","['65ce998d07a5794f79181c42']","[PREMIUM]","[PREMIUM]"
"699d279312c013fa8c0c5735","2026-02-24 15:53:00.376","2026-03-10 10:39:20.669","699d279312c013fa8c0c5735","Buffalo Philharmonic Orchestra - Pablos Guitar","music","2026-04-11 19:30:00","2026-04-11 23:30:00","2026-04-11 23:30:00",false,false,false,"[PREMIUM]","[PREMIUM]","[PREMIUM]","[PREMIUM]","[PREMIUM]","[PREMIUM]",false,true,"66f5b826e136245f843f222e","['67361e4b3eb58926e0e0b1b5']","[PREMIUM]","[PREMIUM]"
"699d2af8704cc105feed76e2","2026-02-24 15:53:00.376","2026-03-10 10:39:20.669","699d2af8704cc105feed76e2","Gurdas Maan","music","2026-04-11 20:00:00","2026-04-12 03:00:00","2026-04-12 03:00:00",false,false,false,"[PREMIUM]","[PREMIUM]","[PREMIUM]","[PREMIUM]","[PREMIUM]","[PREMIUM]",false,false,"59d3e69d1a869e00018a4435","['66a1528b16885b26c912befa']","[PREMIUM]","[PREMIUM]"
"699d270315e13cab1a999bd1","2026-02-24 15:53:00.376","2026-03-10 10:39:30.579","699d270315e13cab1a999bd1","Dead Meadow","music","2026-04-12 19:00:00","2026-04-12 23:00:00","2026-04-13 00:30:00",false,false,false,"[PREMIUM]","[PREMIUM]","[PREMIUM]","[PREMIUM]","[PREMIUM]","[PREMIUM]",false,true,"57e2d68950575d33c8a36751","['5cae34a716688300189848dd']","[PREMIUM]","[PREMIUM]"
"699cd91b20560580a7e8d92b","2026-02-24 15:53:00.376","2026-03-10 10:39:20.669","699cd91b20560580a7e8d92b","Pete Davidson","comedy","2026-04-11 20:00:00","2026-04-12 03:00:00","2026-04-12 03:00:00",false,false,false,"[PREMIUM]","[PREMIUM]","[PREMIUM]","[PREMIUM]","[PREMIUM]","[PREMIUM]",false,false,"65383c65245493a2c22646a8","['6470ca1e7858ce0001753d59']","[PREMIUM]","[PREMIUM]"
"699d27939480946ca422b8cd","2026-02-24 15:53:00.376","2026-03-10 10:39:30.579","699d27939480946ca422b8cd","Buffalo Philharmonic Orchestra - Pablos Guitar","music","2026-04-12 14:30:00","2026-04-12 18:30:00","2026-04-12 18:30:00",false,false,false,"[PREMIUM]","[PREMIUM]","[PREMIUM]","[PREMIUM]","[PREMIUM]","[PREMIUM]",false,true,"66f5b826e136245f843f222e","['67361e4b3eb58926e0e0b1b5']","[PREMIUM]","[PREMIUM]"
"68718dbfdee45541a9649af6","2026-02-24 15:52:51.644","2026-03-10 10:39:20.669","68718dbfdee45541a9649af6","DC Power FC at Tampa Bay Sun FC","soccer","2026-04-11 19:30:00","2026-04-11 23:30:00","2026-04-11 23:30:00",false,false,false,"[PREMIUM]","[PREMIUM]","[PREMIUM]","[PREMIUM]","[PREMIUM]","[PREMIUM]",false,true,"699c79689480946ca4226734","['673389cfa707892e10686357','672952ee8463f5cdce30e77c']","[PREMIUM]","[PREMIUM]"
"68718dbffeb66b4c9ea6b006","2026-02-24 15:52:51.644","2026-03-10 10:39:20.669","68718dbffeb66b4c9ea6b006","Lexington SC at Carolina Ascent FC","soccer","2026-04-11 19:00:00","2026-04-11 23:00:00","2026-04-11 23:00:00",false,false,false,"[PREMIUM]","[PREMIUM]","[PREMIUM]","[PREMIUM]","[PREMIUM]","[PREMIUM]",false,true,"699cd691c0897df3481e8657","['67350ec66acb48fb2dfef232','694571733857001ad992b493']","[PREMIUM]","[PREMIUM]"
"699cd680ff6e4049829ca777","2026-02-24 15:52:51.644","2026-03-10 10:39:12.229","699cd680ff6e4049829ca777","Pete Davidson","comedy","2026-04-10 20:00:00","2026-04-11 03:00:00","2026-04-11 03:00:00",false,false,false,"[PREMIUM]","[PREMIUM]","[PREMIUM]","[PREMIUM]","[PREMIUM]","[PREMIUM]",false,false,"63eec9d877a1150001c310a4","['6470ca1e7858ce0001753d59']","[PREMIUM]","[PREMIUM]"
"699c9f9406ea50696187374d","2026-02-24 15:52:51.644","2026-03-10 10:39:20.669","699c9f9406ea50696187374d","Monster Jam","auto","2026-04-11 17:00:00","2026-04-12 00:00:00","2026-04-12 00:45:00",false,false,false,"[PREMIUM]","[PREMIUM]","[PREMIUM]","[PREMIUM]","[PREMIUM]","[PREMIUM]",false,false,"5d8c0f737d933b0037c23aac","['577eb82cf80c4170abd2c3c8']","[PREMIUM]","[PREMIUM]"
"699a302f1cd40bb0bd799f2e","2026-02-24 15:52:43.391","2026-03-10 10:39:12.229","699a302f1cd40bb0bd799f2e","Mac Saturn","music","2026-04-10 19:15:00","2026-04-10 23:15:00","2026-04-11 00:45:00",false,false,false,"[PREMIUM]","[PREMIUM]","[PREMIUM]","[PREMIUM]","[PREMIUM]","[PREMIUM]",false,false,"630e82687b4e02000137a7d5","['6398e879e13f48000134a391']","[PREMIUM]","[PREMIUM]"
"699a50e5704cc105feec62b4","2026-02-24 15:52:43.391","2026-03-10 10:39:04.075","699a50e5704cc105feec62b4","French Police","music","2026-04-09 21:00:00","2026-04-10 04:00:00","2026-04-10 04:00:00",false,false,false,"[PREMIUM]","[PREMIUM]","[PREMIUM]","[PREMIUM]","[PREMIUM]","[PREMIUM]",false,false,"564372dcf80c411191000002","['664ba601f6d4a9dc0b960082']","[PREMIUM]","[PREMIUM]"
"69703e4cbe133370aa20eeca","2026-02-24 15:52:43.391","2026-03-10 10:39:12.229","69703e4cbe133370aa20eeca","The Bones of J.R. Jones","music","2026-04-10 19:00:00","2026-04-11 00:00:00","2026-04-11 00:00:00",false,false,false,"[PREMIUM]","[PREMIUM]","[PREMIUM]","[PREMIUM]","[PREMIUM]","[PREMIUM]",false,false,"57c61b85f80c4132e419902e","['67be0bba2fb2716607e8f84c']","[PREMIUM]","[PREMIUM]"
"699a4be7e648b1c3ad8f15a9","2026-02-24 15:52:35.286","2026-03-10 10:38:56.365","699a4be7e648b1c3ad8f15a9","Sheer Terror","music","2026-04-07 20:00:00","2026-04-08 01:00:00","2026-04-08 01:00:00",false,false,false,"[PREMIUM]","[PREMIUM]","[PREMIUM]","[PREMIUM]","[PREMIUM]","[PREMIUM]",false,false,"658f47f8474a4905326e3689","['64e7c4f99ac8460001c7564f']","[PREMIUM]","[PREMIUM]"
"699d26c2c0897df3481eab5b","2026-02-24 15:52:35.286","2026-03-10 10:38:56.365","699d26c2c0897df3481eab5b","Menopause the Musical (14+ Event)","theater","2026-04-08 16:00:00","2026-04-08 23:00:00","2026-04-08 23:00:00",false,false,false,"[PREMIUM]","[PREMIUM]","[PREMIUM]","[PREMIUM]","[PREMIUM]","[PREMIUM]",false,true,"65f200855af108e82a8c4c7a","['65fdd5da0d1693a2ca558692']","[PREMIUM]","[PREMIUM]"
"699d26c15802fd6122e15cf7","2026-02-24 15:52:35.286","2026-03-10 10:39:04.075","699d26c15802fd6122e15cf7","Menopause the Musical","theater","2026-04-09 16:00:00","2026-04-09 23:00:00","2026-04-09 23:00:00",false,false,false,"[PREMIUM]","[PREMIUM]","[PREMIUM]","[PREMIUM]","[PREMIUM]","[PREMIUM]",false,true,"65f200855af108e82a8c4c7a","['65fdd5da0d1693a2ca558692']","[PREMIUM]","[PREMIUM]"
"68718dbff5f548eb8969e80f","2026-02-24 15:52:26.540","2026-03-10 10:38:56.365","68718dbff5f548eb8969e80f","Carolina Ascent FC at Tampa Bay Sun FC","soccer","2026-04-05 17:00:00","2026-04-05 21:00:00","2026-04-05 21:00:00",false,false,false,"[PREMIUM]","[PREMIUM]","[PREMIUM]","[PREMIUM]","[PREMIUM]","[PREMIUM]",false,true,"699c79689480946ca4226734","['673389cfa707892e10686357','67350ec66acb48fb2dfef232']","[PREMIUM]","[PREMIUM]"
"699d2c32adf65bfad23fd743","2026-02-24 15:52:26.540","2026-03-10 10:38:49.005","699d2c32adf65bfad23fd743","Gillian Welch and David Rawlings","music","2026-04-04 20:00:00","2026-04-05 01:00:00","2026-04-05 01:00:00",false,false,false,"[PREMIUM]","[PREMIUM]","[PREMIUM]","[PREMIUM]","[PREMIUM]","[PREMIUM]",false,false,"610afdf5ec170600019c9c41","['669fd089089f2f14b4f2f4af']","[PREMIUM]","[PREMIUM]"
"699d25f2962831c8ddc604dd","2026-02-24 15:52:26.540","2026-03-10 10:38:56.365","699d25f2962831c8ddc604dd","Gillian Welch and David Rawlings","music","2026-04-06 20:00:00","2026-04-07 00:00:00","2026-04-07 00:00:00",false,false,false,"[PREMIUM]","[PREMIUM]","[PREMIUM]","[PREMIUM]","[PREMIUM]","[PREMIUM]",false,true,"660349badead64f0a00b163b","['669fd089089f2f14b4f2f4af']","[PREMIUM]","[PREMIUM]"
"699d2a05fe7ae7799e4430dc","2026-02-24 15:52:26.540","2026-03-10 10:38:49.005","699d2a05fe7ae7799e4430dc","Fetty Wap","music","2026-04-04 20:00:00","2026-04-05 00:00:00","2026-04-05 01:00:00",false,false,false,"[PREMIUM]","[PREMIUM]","[PREMIUM]","[PREMIUM]","[PREMIUM]","[PREMIUM]",false,false,"62b25fcca10296000139f20e","['56a01522f80c414f35000003']","[PREMIUM]","[PREMIUM]"
"699a30785cec0370db503426","2026-02-24 15:52:17.781","2026-03-10 10:38:41.402","699a30785cec0370db503426","Tycoon Music Festival (Chris Brown, Sexyy Red, Plies)","music","2026-04-04 00:00:00","2026-04-04 04:00:00","2026-04-04 04:00:00",false,true,false,"[PREMIUM]","[PREMIUM]","[PREMIUM]","[PREMIUM]","[PREMIUM]","[PREMIUM]",false,false,"55664c1d4678da778c000001","['6761b2820181a5b5d01593ef']","[PREMIUM]","[PREMIUM]"
"699d2c33fb071635321effbe","2026-02-24 15:52:17.781","2026-03-10 10:38:41.402","699d2c33fb071635321effbe","Gillian Welch and David Rawlings","music","2026-04-03 20:00:00","2026-04-04 01:00:00","2026-04-04 01:00:00",false,false,false,"[PREMIUM]","[PREMIUM]","[PREMIUM]","[PREMIUM]","[PREMIUM]","[PREMIUM]",false,false,"610afdf5ec170600019c9c41","['669fd089089f2f14b4f2f4af']","[PREMIUM]","[PREMIUM]"
"699d44a118e82d9e339af929","2026-02-24 15:52:10.074","2026-03-10 10:38:41.402","699d44a118e82d9e339af929","Glen Hansard","music","2026-04-03 19:00:00","2026-04-03 23:00:00","2026-04-04 00:00:00",false,false,false,"[PREMIUM]","[PREMIUM]","[PREMIUM]","[PREMIUM]","[PREMIUM]","[PREMIUM]",false,true,"69446e107202511770e35542","['57d26396f80c410f51d89390']","[PREMIUM]","[PREMIUM]"
"699d285ac0897df3481eacd4","2026-02-24 15:52:10.074","2026-03-10 10:38:33.941","699d285ac0897df3481eacd4","DaBaby","music","2026-04-02 20:00:00","2026-04-03 01:00:00","2026-04-03 02:30:00",false,false,false,"[PREMIUM]","[PREMIUM]","[PREMIUM]","[PREMIUM]","[PREMIUM]","[PREMIUM]",false,true,"63eec6842540aa00017b603c","['5e20d63dfbcd82003a309383']","[PREMIUM]","[PREMIUM]"
"699a89dcadf65bfad23ed7f8","2026-02-24 15:51:58.783","2026-03-10 10:37:30.722","699a89dcadf65bfad23ed7f8","Absinthe (18+ Event)","theater","2026-03-30 21:00:00","2026-03-31 04:00:00","2026-03-31 04:00:00",false,false,false,"[PREMIUM]","[PREMIUM]","[PREMIUM]","[PREMIUM]","[PREMIUM]","[PREMIUM]",false,false,"568dc4b9f80c41036a000001","['6578ebab25c7ed9b1537da10']","[PREMIUM]","[PREMIUM]"
"699d26c1114a67bf23f81def","2026-02-24 15:51:58.783","2026-03-10 10:38:33.941","699d26c1114a67bf23f81def","Menopause the Musical (14+ Event)","theater","2026-04-02 16:00:00","2026-04-02 23:00:00","2026-04-02 23:00:00",false,false,false,"[PREMIUM]","[PREMIUM]","[PREMIUM]","[PREMIUM]","[PREMIUM]","[PREMIUM]",false,true,"65f200855af108e82a8c4c7a","['65fdd5da0d1693a2ca558692']","[PREMIUM]","[PREMIUM]"
"699cd34fadf65bfad23faa33","2026-02-24 15:51:58.783","2026-03-10 10:37:30.722","699cd34fadf65bfad23faa33","Vince Giordano and the Nighthawks","music","2026-03-31 20:30:00","2026-04-01 00:30:00","2026-04-01 00:30:00",false,false,false,"[PREMIUM]","[PREMIUM]","[PREMIUM]","[PREMIUM]","[PREMIUM]","[PREMIUM]",false,true,"65fe09690c368400736e58e0","['66ec7e772913b7a64b98923a']","[PREMIUM]","[PREMIUM]"
"699cd34f93ba9599794e6f43","2026-02-24 15:51:58.783","2026-03-10 10:37:30.722","699cd34f93ba9599794e6f43","Vince Giordano and the Nighthawks","music","2026-03-31 17:30:00","2026-03-31 21:30:00","2026-03-31 21:30:00",false,false,false,"[PREMIUM]","[PREMIUM]","[PREMIUM]","[PREMIUM]","[PREMIUM]","[PREMIUM]",false,true,"65fe09690c368400736e58e0","['66ec7e772913b7a64b98923a']","[PREMIUM]","[PREMIUM]"
"68c1f412438943d26e56141d","2026-02-24 15:51:50.551","2026-03-10 10:37:23.239","68c1f412438943d26e56141d","The Egg Presents: Laurie Berkner","music","2026-03-29 15:00:00","2026-03-29 19:00:00","2026-03-29 19:00:00",false,false,false,"[PREMIUM]","[PREMIUM]","[PREMIUM]","[PREMIUM]","[PREMIUM]","[PREMIUM]",false,false,"61ba878ea01649000184666c","['65fdd92ebdab40657e5c8ca5']","[PREMIUM]","[PREMIUM]"
"68c1f41d4892b9eb5fa5178b","2026-02-24 15:51:50.551","2026-03-10 10:37:23.239","68c1f41d4892b9eb5fa5178b","The Egg Presents: Laurie Berkner","music","2026-03-29 11:00:00","2026-03-29 15:00:00","2026-03-29 15:00:00",false,false,false,"[PREMIUM]","[PREMIUM]","[PREMIUM]","[PREMIUM]","[PREMIUM]","[PREMIUM]",false,false,"61ba878ea01649000184666c","['65fdd92ebdab40657e5c8ca5']","[PREMIUM]","[PREMIUM]"
"699a6aafe648b1c3ad8f218d","2026-02-24 15:51:50.551","2026-03-10 10:37:30.722","699a6aafe648b1c3ad8f218d","Absinthe (18+ Event)","theater","2026-03-29 21:00:00","2026-03-30 04:00:00","2026-03-30 04:00:00",false,false,false,"[PREMIUM]","[PREMIUM]","[PREMIUM]","[PREMIUM]","[PREMIUM]","[PREMIUM]",false,false,"568dc4b9f80c41036a000001","['6578ebab25c7ed9b1537da10']","[PREMIUM]","[PREMIUM]"
"699a522506ea506961866412","2026-02-24 15:51:50.551","2026-03-10 10:37:23.239","699a522506ea506961866412","The Rock and Roll Playhouse - Music of Prince and More","music","2026-03-29 12:00:00","2026-03-29 17:00:00","2026-03-29 17:00:00",false,false,false,"[PREMIUM]","[PREMIUM]","[PREMIUM]","[PREMIUM]","[PREMIUM]","[PREMIUM]",false,false,"5bb38a9d61022b001432f380","['65fb43e3afc88335409efbeb']","[PREMIUM]","[PREMIUM]"
"699d2729fda7968790b02a69","2026-02-24 15:51:50.551","2026-03-10 10:37:23.239","699d2729fda7968790b02a69","Bingo Loco - Late Show (21+ Event)","music","2026-03-28 22:00:00","2026-03-29 03:00:00","2026-03-29 03:00:00",false,false,false,"[PREMIUM]","[PREMIUM]","[PREMIUM]","[PREMIUM]","[PREMIUM]","[PREMIUM]",false,true,"57e3202f50575d33c8a60ece","['6668d4cb075eb00266a9c7ca']","[PREMIUM]","[PREMIUM]"
"68718dbf1cb35361a4718722","2026-02-24 15:51:41.959","2026-03-10 10:37:15.384","68718dbf1cb35361a4718722","Fort Lauderdale United FC at Carolina Ascent FC","soccer","2026-03-28 19:00:00","2026-03-28 23:00:00","2026-03-28 23:00:00",false,false,false,"[PREMIUM]","[PREMIUM]","[PREMIUM]","[PREMIUM]","[PREMIUM]","[PREMIUM]",false,true,"699cd691c0897df3481e8657","['67350ec66acb48fb2dfef232','67350dbbc0e7c244004ca09b']","[PREMIUM]","[PREMIUM]"
"699a4b4c15e13cab1a988b42","2026-02-24 15:51:41.959","2026-03-10 10:37:23.239","699a4b4c15e13cab1a988b42","Comedy Allstars - In the Callback Bar","comedy","2026-03-28 19:30:00","2026-03-29 02:30:00","2026-03-29 04:00:00",false,false,false,"[PREMIUM]","[PREMIUM]","[PREMIUM]","[PREMIUM]","[PREMIUM]","[PREMIUM]",false,false,"61c10523f6e0f10001a5c489","['61d34558dcfdfa0001d025bf']","[PREMIUM]","[PREMIUM]"
"697156e47b979bb8f42a0ad3","2026-02-24 15:51:34.192","2026-03-10 10:37:15.384","697156e47b979bb8f42a0ad3","Ian Munsick","music","2026-03-27 20:30:00","2026-03-28 01:30:00","2026-03-28 03:00:00",false,false,false,"[PREMIUM]","[PREMIUM]","[PREMIUM]","[PREMIUM]","[PREMIUM]","[PREMIUM]",false,false,"661868a2b1a65ad16e8fdf5b","['63890425b396380001f2bb73']","[PREMIUM]","[PREMIUM]"
"699ca13c9c1383da938fb19b","2026-02-24 15:51:34.192","2026-03-10 10:37:15.384","699ca13c9c1383da938fb19b","Jon Rudnitsky","comedy","2026-03-27 19:30:00","2026-03-27 23:30:00","2026-03-27 23:30:00",false,false,false,"[PREMIUM]","[PREMIUM]","[PREMIUM]","[PREMIUM]","[PREMIUM]","[PREMIUM]",false,false,"648cd8f32cbc080001656ef8","['6605c3cdb303da74d6ca0443']","[PREMIUM]","[PREMIUM]"
"699d25bdc0897df3481ea9f1","2026-02-24 15:51:34.192","2026-03-10 10:37:15.384","699d25bdc0897df3481ea9f1","El Fantasma","music","2026-03-27 20:00:00","2026-03-28 03:00:00","2026-03-28 04:30:00",false,false,false,"[PREMIUM]","[PREMIUM]","[PREMIUM]","[PREMIUM]","[PREMIUM]","[PREMIUM]",false,true,"6813b8ea2acaae5340384938","['5d6febdbd5465a003a26e66b']","[PREMIUM]","[PREMIUM]"
"699d26c18dde1feeb12bf75d","2026-02-24 15:51:26.217","2026-03-10 10:37:07.507","699d26c18dde1feeb12bf75d","Menopause the Musical (14+ Event)","theater","2026-03-26 16:00:00","2026-03-26 23:00:00","2026-03-26 23:00:00",false,false,false,"[PREMIUM]","[PREMIUM]","[PREMIUM]","[PREMIUM]","[PREMIUM]","[PREMIUM]",false,true,"65f200855af108e82a8c4c7a","['65fdd5da0d1693a2ca558692']","[PREMIUM]","[PREMIUM]"
"699d26c120560580a7e8fd33","2026-02-24 15:51:26.217","2026-03-10 10:36:59.908","699d26c120560580a7e8fd33","Menopause the Musical","theater","2026-03-25 16:00:00","2026-03-25 23:00:00","2026-03-25 23:00:00",false,false,false,"[PREMIUM]","[PREMIUM]","[PREMIUM]","[PREMIUM]","[PREMIUM]","[PREMIUM]",false,true,"65f200855af108e82a8c4c7a","['65fdd5da0d1693a2ca558692']","[PREMIUM]","[PREMIUM]"
"699d27c486b933b13f92dcca","2026-02-24 15:51:16.411","2026-03-10 10:36:52.478","699d27c486b933b13f92dcca","Home Free","music","2026-03-22 19:30:00","2026-03-23 00:30:00","2026-03-23 01:30:00",false,false,false,"[PREMIUM]","[PREMIUM]","[PREMIUM]","[PREMIUM]","[PREMIUM]","[PREMIUM]",false,true,"694418d15e705302f1d08339","['5a13715925f2c55e95e137aa']","[PREMIUM]","[PREMIUM]"
"699d439cff6e4049829cd89c","2026-02-24 15:51:16.411","2026-03-10 10:36:59.908","699d439cff6e4049829cd89c","Wisconsin Badgers at Marquette Golden Eagles Womens Volleyball","vball","2026-03-23 19:00:00","2026-03-24 00:00:00","2026-03-24 00:00:00",false,false,false,"[PREMIUM]","[PREMIUM]","[PREMIUM]","[PREMIUM]","[PREMIUM]","[PREMIUM]",false,false,"67cb76a9fd7035f2c22b17ee","['6699787be845f3d14d68959f','65049d86e2d4de00017649c9']","[PREMIUM]","[PREMIUM]"
"699a69359c1383da938ee8f6","2026-02-24 15:51:08.673","2026-03-10 10:36:45.242","699a69359c1383da938ee8f6","Eric D Alessandro","comedy","2026-03-21 19:30:00","2026-03-21 23:30:00","2026-03-21 23:30:00",false,false,false,"[PREMIUM]","[PREMIUM]","[PREMIUM]","[PREMIUM]","[PREMIUM]","[PREMIUM]",false,false,"66bbd7347b254ce9631bdfe7","['663e6cee91f2d95700efdcfd']","[PREMIUM]","[PREMIUM]"
"699a69351cd40bb0bd79b5fe","2026-02-24 15:51:08.673","2026-03-10 10:36:52.478","699a69351cd40bb0bd79b5fe","Eric D Alessandro","comedy","2026-03-21 21:45:00","2026-03-22 01:45:00","2026-03-22 01:45:00",false,false,false,"[PREMIUM]","[PREMIUM]","[PREMIUM]","[PREMIUM]","[PREMIUM]","[PREMIUM]",false,false,"66bbd7347b254ce9631bdfe7","['663e6cee91f2d95700efdcfd']","[PREMIUM]","[PREMIUM]"
"699d2729c58814b45bc63063","2026-02-24 15:51:08.673","2026-03-10 10:36:52.478","699d2729c58814b45bc63063","Smells Like Nirvana Tribute","music","2026-03-21 21:00:00","2026-03-22 02:00:00","2026-03-22 02:00:00",false,false,false,"[PREMIUM]","[PREMIUM]","[PREMIUM]","[PREMIUM]","[PREMIUM]","[PREMIUM]",false,true,"57e3202f50575d33c8a60ece","['64e7c6c49ac8460001c75651']","[PREMIUM]","[PREMIUM]"
"699d4762e1e683b2b9958c30","2026-02-24 15:51:08.673","2026-03-10 10:36:52.478","699d4762e1e683b2b9958c30","Ben Nicky (21+ Event)","music","2026-03-21 22:00:00","2026-03-22 05:00:00","2026-03-22 05:00:00",false,false,false,"[PREMIUM]","[PREMIUM]","[PREMIUM]","[PREMIUM]","[PREMIUM]","[PREMIUM]",false,true,"63e3f759d3442e00010d1b58","['65a886215386bf3f4ee2c048']","[PREMIUM]","[PREMIUM]"
"699d25c20c5b1bb4a82c1531","2026-02-24 15:51:08.673","2026-03-10 10:36:52.478","699d25c20c5b1bb4a82c1531","Ozomatli","music","2026-03-21 21:00:00","2026-03-22 04:00:00","2026-03-22 04:00:00",false,false,false,"[PREMIUM]","[PREMIUM]","[PREMIUM]","[PREMIUM]","[PREMIUM]","[PREMIUM]",false,true,"630e7ce9c643860001a64793","['683085a364afe378a49ea0ca']","[PREMIUM]","[PREMIUM]"
"699d2793e1e683b2b99581bc","2026-02-24 15:51:08.673","2026-03-10 10:36:45.242","699d2793e1e683b2b99581bc","Buffalo Philharmonic Orchestra - Brahms and Bruch","music","2026-03-21 19:30:00","2026-03-21 23:30:00","2026-03-21 23:30:00",false,false,false,"[PREMIUM]","[PREMIUM]","[PREMIUM]","[PREMIUM]","[PREMIUM]","[PREMIUM]",false,true,"66f5b826e136245f843f222e","['67361e4b3eb58926e0e0b1b5']","[PREMIUM]","[PREMIUM]"
"699a6935fe7ae7799e432b07","2026-02-24 15:50:59.609","2026-03-10 10:36:37.062","699a6935fe7ae7799e432b07","Eric D Alessandro","comedy","2026-03-20 19:30:00","2026-03-20 23:30:00","2026-03-20 23:30:00",false,false,false,"[PREMIUM]","[PREMIUM]","[PREMIUM]","[PREMIUM]","[PREMIUM]","[PREMIUM]",false,false,"66bbd7347b254ce9631bdfe7","['663e6cee91f2d95700efdcfd']","[PREMIUM]","[PREMIUM]"
"69739e6e761a24f82e1935d1","2026-02-24 15:50:59.609","2026-03-10 10:36:37.062","69739e6e761a24f82e1935d1","La Fiera de Ojinaga","music","2026-03-20 20:00:00","2026-03-21 03:00:00","2026-03-21 03:00:00",false,false,false,"[PREMIUM]","[PREMIUM]","[PREMIUM]","[PREMIUM]","[PREMIUM]","[PREMIUM]",false,false,"60ef6e09458d2c0001b15e1d","['654aed90c2fa1159138f7de8']","[PREMIUM]","[PREMIUM]"
"699a6935adf65bfad23ecdb4","2026-02-24 15:50:59.609","2026-03-10 10:36:37.062","699a6935adf65bfad23ecdb4","Eric D Alessandro","comedy","2026-03-20 21:45:00","2026-03-21 01:45:00","2026-03-21 01:45:00",false,false,false,"[PREMIUM]","[PREMIUM]","[PREMIUM]","[PREMIUM]","[PREMIUM]","[PREMIUM]",false,false,"66bbd7347b254ce9631bdfe7","['663e6cee91f2d95700efdcfd']","[PREMIUM]","[PREMIUM]"
"699c6299fda7968790afd145","2026-02-24 15:50:59.609","2026-03-10 10:36:37.062","699c6299fda7968790afd145","Midnight Tyrannosaurus","music","2026-03-20 21:00:00","2026-03-21 04:00:00","2026-03-21 04:00:00",false,false,false,"[PREMIUM]","[PREMIUM]","[PREMIUM]","[PREMIUM]","[PREMIUM]","[PREMIUM]",false,false,"66d76ef3e69d4d5bfb1d6431","['65b81c151f0b517e460a1d8d']","[PREMIUM]","[PREMIUM]"
"699d26c2706fb4505621884b","2026-02-24 15:50:50.807","2026-03-10 10:36:29.533","699d26c2706fb4505621884b","Menopause the Musical","theater","2026-03-19 16:00:00","2026-03-19 23:00:00","2026-03-19 23:00:00",false,false,false,"[PREMIUM]","[PREMIUM]","[PREMIUM]","[PREMIUM]","[PREMIUM]","[PREMIUM]",false,true,"65f200855af108e82a8c4c7a","['65fdd5da0d1693a2ca558692']","[PREMIUM]","[PREMIUM]"
"699d2793114a67bf23f81eed","2026-02-24 15:50:50.807","2026-03-10 10:36:37.062","699d2793114a67bf23f81eed","Buffalo Philharmonic Orchestra - Brahms and Bruch","music","2026-03-20 10:30:00","2026-03-20 14:30:00","2026-03-20 14:30:00",false,false,false,"[PREMIUM]","[PREMIUM]","[PREMIUM]","[PREMIUM]","[PREMIUM]","[PREMIUM]",false,true,"66f5b826e136245f843f222e","['67361e4b3eb58926e0e0b1b5']","[PREMIUM]","[PREMIUM]"
"699ca0e820560580a7e8bdb8","2026-02-24 15:50:50.807","2026-03-10 10:36:29.533","699ca0e820560580a7e8bdb8","Odd Mob","music","2026-03-18 21:00:00","2026-03-19 01:00:00","2026-03-19 01:00:00",false,false,false,"[PREMIUM]","[PREMIUM]","[PREMIUM]","[PREMIUM]","[PREMIUM]","[PREMIUM]",false,false,"57e16d3850575d33c89b5082","['677c1cd4d7b8b8600ee9f1a4']","[PREMIUM]","[PREMIUM]"
"68718dbffeb66b4c9ea6b005","2026-02-24 15:50:42.436","2026-03-10 10:36:29.533","68718dbffeb66b4c9ea6b005","Brooklyn FC at Tampa Bay Sun FC","soccer","2026-03-18 19:30:00","2026-03-18 23:30:00","2026-03-18 23:30:00",false,false,false,"[PREMIUM]","[PREMIUM]","[PREMIUM]","[PREMIUM]","[PREMIUM]","[PREMIUM]",false,true,"699c79689480946ca4226734","['673389cfa707892e10686357','69457460186ec9b33fa14836']","[PREMIUM]","[PREMIUM]"
"699d26c1984209352cd6decb","2026-02-24 15:50:42.436","2026-03-10 10:36:29.533","699d26c1984209352cd6decb","Menopause the Musical","theater","2026-03-18 16:00:00","2026-03-18 23:00:00","2026-03-18 23:00:00",false,false,false,"[PREMIUM]","[PREMIUM]","[PREMIUM]","[PREMIUM]","[PREMIUM]","[PREMIUM]",false,true,"65f200855af108e82a8c4c7a","['65fdd5da0d1693a2ca558692']","[PREMIUM]","[PREMIUM]"
"699a69348218a08ba6a51a19","2026-02-24 15:50:34.135","2026-03-10 10:35:40.499","699a69348218a08ba6a51a19","Chris Porter","comedy","2026-03-14 22:00:00","2026-03-15 02:00:00","2026-03-15 03:30:00",false,false,false,"[PREMIUM]","[PREMIUM]","[PREMIUM]","[PREMIUM]","[PREMIUM]","[PREMIUM]",false,false,"66bbd7347b254ce9631bdfe7","['6217df6b3fd5d00001db5e60']","[PREMIUM]","[PREMIUM]"
"699a693418e82d9e3399e678","2026-02-24 15:50:34.135","2026-03-10 10:35:40.499","699a693418e82d9e3399e678","Chris Porter","comedy","2026-03-14 19:30:00","2026-03-14 23:30:00","2026-03-15 01:00:00",false,false,false,"[PREMIUM]","[PREMIUM]","[PREMIUM]","[PREMIUM]","[PREMIUM]","[PREMIUM]",false,false,"66bbd7347b254ce9631bdfe7","['6217df6b3fd5d00001db5e60']","[PREMIUM]","[PREMIUM]"
"699a5214600e9260d89615d0","2026-02-24 15:50:34.135","2026-03-10 10:35:40.499","699a5214600e9260d89615d0","CAA Womens Basketball Tournament - Session 7","wcbb","2026-03-15 14:00:00","2026-03-15 18:00:00","2026-03-15 18:00:00",false,false,false,"[PREMIUM]","[PREMIUM]","[PREMIUM]","[PREMIUM]","[PREMIUM]","[PREMIUM]",false,false,"5bb246df2e7ee30012cb522a","['65c3a8bfacd4b6dc2e58d146']","[PREMIUM]","[PREMIUM]"
"699b4d8d87e76d041648b03f","2026-02-24 15:50:26.203","2026-03-10 10:35:32.977","699b4d8d87e76d041648b03f","Club 90s - 2000s Night (18+ Event)","music","2026-03-13 21:00:00","2026-03-14 07:00:00","2026-03-14 07:00:00",false,false,false,"[PREMIUM]","[PREMIUM]","[PREMIUM]","[PREMIUM]","[PREMIUM]","[PREMIUM]",false,false,"5b76fa330e84fa0012a0356a","['65ce9a22bcbac887432e06c5']","[PREMIUM]","[PREMIUM]"
"699a312986b933b13f91be5c","2026-02-24 15:50:26.203","2026-03-10 10:35:32.977","699a312986b933b13f91be5c","Emo Nite","music","2026-03-13 21:00:00","2026-03-14 02:00:00","2026-03-14 02:00:00",false,false,false,"[PREMIUM]","[PREMIUM]","[PREMIUM]","[PREMIUM]","[PREMIUM]","[PREMIUM]",false,false,"5792b3abf80c410b5129fe3e","['65ce998d07a5794f79181c42']","[PREMIUM]","[PREMIUM]"
"6941c1e23c753e201e19cb82","2026-02-24 15:50:26.203","2026-03-10 10:35:40.499","6941c1e23c753e201e19cb82","Fort Lauderdale United FC at Carolina Ascent FC","soccer","2026-03-14 19:00:00","2026-03-14 23:00:00","2026-03-14 23:00:00",false,false,false,"[PREMIUM]","[PREMIUM]","[PREMIUM]","[PREMIUM]","[PREMIUM]","[PREMIUM]",false,true,"699cd691c0897df3481e8657","['67350ec66acb48fb2dfef232','67350dbbc0e7c244004ca09b']","[PREMIUM]","[PREMIUM]"
"699a5214962831c8ddc4f221","2026-02-24 15:50:26.203","2026-03-10 10:35:32.977","699a5214962831c8ddc4f221","CAA Womens Basketball Tournament - Session 6","wcbb","2026-03-14 14:00:00","2026-03-14 18:00:00","2026-03-14 18:00:00",false,false,false,"[PREMIUM]","[PREMIUM]","[PREMIUM]","[PREMIUM]","[PREMIUM]","[PREMIUM]",false,false,"5bb246df2e7ee30012cb522a","['65c3a8bfacd4b6dc2e58d146']","[PREMIUM]","[PREMIUM]"
"699a2fcbfda7968790af0cfe","2026-02-24 15:50:26.203","2026-03-10 10:35:32.977","699a2fcbfda7968790af0cfe","The Rock and Roll Playhouse - Music of Grateful Dead and More for Kids","music","2026-03-14 12:00:00","2026-03-14 22:00:00","2026-03-14 22:00:00",false,false,false,"[PREMIUM]","[PREMIUM]","[PREMIUM]","[PREMIUM]","[PREMIUM]","[PREMIUM]",false,false,"5b772a321107e000127b1105","['65fb43e3afc88335409efbeb']","[PREMIUM]","[PREMIUM]"
"699a693444ce25cd963672fb","2026-02-24 15:50:26.203","2026-03-10 10:35:32.977","699a693444ce25cd963672fb","Chris Porter","comedy","2026-03-13 21:45:00","2026-03-14 01:45:00","2026-03-14 03:15:00",false,false,false,"[PREMIUM]","[PREMIUM]","[PREMIUM]","[PREMIUM]","[PREMIUM]","[PREMIUM]",false,false,"66bbd7347b254ce9631bdfe7","['6217df6b3fd5d00001db5e60']","[PREMIUM]","[PREMIUM]"
"68718dbff9b53e46f38a3938","2026-02-24 15:50:16.608","2026-03-10 10:35:22.172","68718dbff9b53e46f38a3938","Tampa Bay Sun FC at Carolina Ascent FC","soccer","2026-03-13 19:00:00","2026-03-13 23:00:00","2026-03-13 23:00:00",false,false,false,"[PREMIUM]","[PREMIUM]","[PREMIUM]","[PREMIUM]","[PREMIUM]","[PREMIUM]",false,true,"699cd691c0897df3481e8657","['67350ec66acb48fb2dfef232','673389cfa707892e10686357']","[PREMIUM]","[PREMIUM]"
"699a52148218a08ba6a51157","2026-02-24 15:50:16.608","2026-03-10 10:35:22.172","699a52148218a08ba6a51157","CAA Womens Basketball Tournament - Session 4","wcbb","2026-03-13 12:00:00","2026-03-13 16:00:00","2026-03-13 16:00:00",false,false,false,"[PREMIUM]","[PREMIUM]","[PREMIUM]","[PREMIUM]","[PREMIUM]","[PREMIUM]",false,false,"5bb246df2e7ee30012cb522a","['65c3a8bfacd4b6dc2e58d146']","[PREMIUM]","[PREMIUM]"
"699a5214e648b1c3ad8f182d","2026-02-24 15:50:16.608","2026-03-10 10:35:22.172","699a5214e648b1c3ad8f182d","CAA Womens Basketball Tournament - Session 5","wcbb","2026-03-13 18:00:00","2026-03-13 22:00:00","2026-03-13 22:00:00",false,false,false,"[PREMIUM]","[PREMIUM]","[PREMIUM]","[PREMIUM]","[PREMIUM]","[PREMIUM]",false,false,"5bb246df2e7ee30012cb522a","['65c3a8bfacd4b6dc2e58d146']","[PREMIUM]","[PREMIUM]"
"699a6934447322054f22fb89","2026-02-24 15:50:16.608","2026-03-10 10:35:22.172","699a6934447322054f22fb89","Chris Porter","comedy","2026-03-12 20:00:00","2026-03-13 00:00:00","2026-03-13 01:30:00",false,false,false,"[PREMIUM]","[PREMIUM]","[PREMIUM]","[PREMIUM]","[PREMIUM]","[PREMIUM]",false,false,"66bbd7347b254ce9631bdfe7","['6217df6b3fd5d00001db5e60']","[PREMIUM]","[PREMIUM]"
"699a693486b933b13f91d499","2026-02-24 15:50:16.608","2026-03-10 10:35:32.977","699a693486b933b13f91d499","Chris Porter","comedy","2026-03-13 19:30:00","2026-03-13 23:30:00","2026-03-14 01:00:00",false,false,false,"[PREMIUM]","[PREMIUM]","[PREMIUM]","[PREMIUM]","[PREMIUM]","[PREMIUM]",false,false,"66bbd7347b254ce9631bdfe7","['6217df6b3fd5d00001db5e60']","[PREMIUM]","[PREMIUM]"
"699a521403d497d143206a4c","2026-02-24 15:50:07.444","2026-03-10 10:35:12.639","699a521403d497d143206a4c","CAA Womens Basketball Tournament - Session 2","wcbb","2026-03-12 12:00:00","2026-03-12 16:00:00","2026-03-12 16:00:00",false,false,false,"[PREMIUM]","[PREMIUM]","[PREMIUM]","[PREMIUM]","[PREMIUM]","[PREMIUM]",false,false,"5bb246df2e7ee30012cb522a","['65c3a8bfacd4b6dc2e58d146']","[PREMIUM]","[PREMIUM]"
"699a6731be2cf85ba9bb813a","2026-02-24 15:50:07.444","2026-03-10 10:35:12.639","699a6731be2cf85ba9bb813a","CAA Womens Basketball Tournament - Session 3","wcbb","2026-03-12 18:00:00","2026-03-12 22:00:00","2026-03-12 22:00:00",false,false,false,"[PREMIUM]","[PREMIUM]","[PREMIUM]","[PREMIUM]","[PREMIUM]","[PREMIUM]",false,false,"5bb246df2e7ee30012cb522a","['65c3a8bfacd4b6dc2e58d146']","[PREMIUM]","[PREMIUM]"
"699d26c1704cc105feed7338","2026-02-24 15:50:07.444","2026-03-10 10:35:12.639","699d26c1704cc105feed7338","Menopause the Musical","theater","2026-03-11 16:00:00","2026-03-11 23:00:00","2026-03-11 23:00:00",false,false,false,"[PREMIUM]","[PREMIUM]","[PREMIUM]","[PREMIUM]","[PREMIUM]","[PREMIUM]",false,true,"65f200855af108e82a8c4c7a","['65fdd5da0d1693a2ca558692']","[PREMIUM]","[PREMIUM]"
"699cd350114a67bf23f7f652","2026-02-24 15:50:07.444","2026-03-10 10:35:22.172","699cd350114a67bf23f7f652","Yaya Bey","music","2026-03-12 19:00:00","2026-03-12 23:00:00","2026-03-12 23:00:00",false,false,false,"[PREMIUM]","[PREMIUM]","[PREMIUM]","[PREMIUM]","[PREMIUM]","[PREMIUM]",false,true,"65ea3a6e659383fc0f65f986","['680bbb4aad32297ead275fb3']","[PREMIUM]","[PREMIUM]"
"699d27931cd40bb0bd7abf9d","2026-02-24 15:49:59.434","2026-03-08 04:11:07.165","699d27931cd40bb0bd7abf9d","Buffalo Philharmonic Orchestra - Tchaikovsky Meets Elfman","music","2026-03-08 14:30:00","2026-03-08 18:30:00","2026-03-08 18:30:00",false,false,false,"[PREMIUM]","[PREMIUM]","[PREMIUM]","[PREMIUM]","[PREMIUM]","[PREMIUM]",false,true,"66f5b826e136245f843f222e","['67361e4b3eb58926e0e0b1b5']","[PREMIUM]","[PREMIUM]"
"699a50867dd684d8e34c0566","2026-02-24 15:49:51.180","2026-03-07 01:09:01.691","699a50867dd684d8e34c0566","Justin Whitehead","comedy","2026-03-07 19:00:00","2026-03-08 01:00:00","2026-03-08 01:00:00",false,false,false,"[PREMIUM]","[PREMIUM]","[PREMIUM]","[PREMIUM]","[PREMIUM]","[PREMIUM]",false,false,"6515da9fc27e4b1f0476a249","['663e6ab5737b19ee839b0f44']","[PREMIUM]","[PREMIUM]"
"699d27939c1383da938ff1d3","2026-02-24 15:49:51.180","2026-03-07 01:09:01.691","699d27939c1383da938ff1d3","Buffalo Philharmonic Orchestra - Tchaikovsky Meets Elfman","music","2026-03-07 19:30:00","2026-03-08 00:30:00","2026-03-08 00:30:00",false,false,false,"[PREMIUM]","[PREMIUM]","[PREMIUM]","[PREMIUM]","[PREMIUM]","[PREMIUM]",false,true,"66f5b826e136245f843f222e","['67361e4b3eb58926e0e0b1b5']","[PREMIUM]","[PREMIUM]"
"699a50651cd40bb0bd79ac10","2026-02-24 15:49:42.359","2026-03-07 01:08:53.556","699a50651cd40bb0bd79ac10","Comedy Allstars","comedy","2026-03-06 21:30:00","2026-03-07 03:30:00","2026-03-07 05:00:00",false,false,false,"[PREMIUM]","[PREMIUM]","[PREMIUM]","[PREMIUM]","[PREMIUM]","[PREMIUM]",false,false,"669ed0ec152462944a58f807","['61d34558dcfdfa0001d025bf']","[PREMIUM]","[PREMIUM]"
"6972c9e109e0f09aa8d73947","2026-02-24 15:49:42.359","2026-03-07 01:08:53.556","6972c9e109e0f09aa8d73947","Krewella","music","2026-03-07 00:00:00","2026-03-07 06:00:00","2026-03-07 07:00:00",false,true,false,"[PREMIUM]","[PREMIUM]","[PREMIUM]","[PREMIUM]","[PREMIUM]","[PREMIUM]",false,false,"670068746067a138a66cee64","['595a9d8825f2c560371822a6']","[PREMIUM]","[PREMIUM]"
"699bda57a0caf72519722df4","2026-02-24 15:49:34.249","2026-03-05 21:37:37.550","699bda57a0caf72519722df4","ACC Womens Basketball Tournament - Session 5 (Louisville vs TBD, North Carolina vs TBD)","wcbb","2026-03-06 17:00:00","2026-03-06 22:00:00","2026-03-06 23:30:00",false,false,false,"[PREMIUM]","[PREMIUM]","[PREMIUM]","[PREMIUM]","[PREMIUM]","[PREMIUM]",true,false,"58127f1ecde6626ebe12395e","['61d747afa37a62000151739c']","[PREMIUM]","[PREMIUM]"
"697955e6722ffd0d57289fbe","2026-02-24 15:49:24.842","2026-03-03 12:17:35.681","697955e6722ffd0d57289fbe","The Floozies (Rescheduled from 1/26/26)","music","2026-03-03 19:30:00","2026-03-04 00:30:00","2026-03-04 01:30:00",false,false,false,"[PREMIUM]","[PREMIUM]","[PREMIUM]","[PREMIUM]","[PREMIUM]","[PREMIUM]",false,false,"64138936792c390001ebc9fa","['59723a7225f2c55b3dc77421']","[PREMIUM]","[PREMIUM]"
"699a4ef2adf65bfad23ec33e","2026-02-24 15:49:24.842","2026-03-04 16:20:28.199","699a4ef2adf65bfad23ec33e","Monaleo","music","2026-03-04 19:00:00","2026-03-05 01:00:00","2026-03-05 01:00:00",false,false,false,"[PREMIUM]","[PREMIUM]","[PREMIUM]","[PREMIUM]","[PREMIUM]","[PREMIUM]",false,false,"597a7baa9da0d48c0d75df9e","['65299e868374ed08d7f34b19']","[PREMIUM]","[PREMIUM]"
"699d26c1f5aac1157b9855d6","2026-02-24 15:49:24.842","2026-03-05 21:37:37.550","699d26c1f5aac1157b9855d6","Menopause the Musical (14+ Event)","theater","2026-03-05 16:00:00","2026-03-06 00:00:00","2026-03-06 00:00:00",false,false,false,"[PREMIUM]","[PREMIUM]","[PREMIUM]","[PREMIUM]","[PREMIUM]","[PREMIUM]",false,true,"65f200855af108e82a8c4c7a","['65fdd5da0d1693a2ca558692']","[PREMIUM]","[PREMIUM]"
"699d26c101b9772306632a0a","2026-02-24 15:49:24.842","2026-03-04 16:20:28.199","699d26c101b9772306632a0a","Menopause the Musical","theater","2026-03-04 16:00:00","2026-03-05 00:00:00","2026-03-05 00:00:00",false,false,false,"[PREMIUM]","[PREMIUM]","[PREMIUM]","[PREMIUM]","[PREMIUM]","[PREMIUM]",false,true,"65f200855af108e82a8c4c7a","['65fdd5da0d1693a2ca558692']","[PREMIUM]","[PREMIUM]"
"6973a5584e4fb730c102346c","2026-02-24 15:49:17.165","2026-03-01 05:57:34.480","6973a5584e4fb730c102346c","Camila","music","2026-03-01 20:00:00","2026-03-02 02:00:00","2026-03-02 03:30:00",false,false,false,"[PREMIUM]","[PREMIUM]","[PREMIUM]","[PREMIUM]","[PREMIUM]","[PREMIUM]",false,false,"64d2b01731902e0001bf48dc","['5b7b38cec867db00149455cb']","[PREMIUM]","[PREMIUM]"
"6972cbafe2af11c1e2dee5f8","2026-02-24 15:49:17.165","2026-03-01 05:57:34.480","6972cbafe2af11c1e2dee5f8","Alejandro Escovedo","music","2026-03-01 19:30:00","2026-03-02 00:30:00","2026-03-02 00:30:00",false,false,false,"[PREMIUM]","[PREMIUM]","[PREMIUM]","[PREMIUM]","[PREMIUM]","[PREMIUM]",false,false,"62a26daa66c7390001ed9fda","['667088a8020ef2f9bc55e7ec']","[PREMIUM]","[PREMIUM]"
"699d5e5706ea5069618789d1","2026-02-24 15:49:17.165","2026-03-01 05:57:34.480","699d5e5706ea5069618789d1","Virginia Cavaliers at VCU Rams Baseball","cbs","2026-03-01 13:00:00","2026-03-01 18:00:00","2026-03-01 19:30:00",false,false,false,"[PREMIUM]","[PREMIUM]","[PREMIUM]","[PREMIUM]","[PREMIUM]","[PREMIUM]",false,false,"6502203057c1a3000118f107","['5a4c21f225f2c56ea78fa5c3','590cb5a1f80c4163cd951477']","[PREMIUM]","[PREMIUM]"
"699bd41cfda7968790af9cad","2026-02-24 15:49:17.165","2026-03-03 12:17:35.681","699bd41cfda7968790af9cad","Sun Belt Womens Basketball Tournament - 1st Round","wcbb","2026-03-03 11:30:00","2026-03-03 17:30:00","2026-03-03 17:30:00",false,false,false,"[PREMIUM]","[PREMIUM]","[PREMIUM]","[PREMIUM]","[PREMIUM]","[PREMIUM]",false,false,"59c140a9d1d6520001b21fca","['655bc5a1947de7fc586a6724']","[PREMIUM]","[PREMIUM]"
"68a0ef54b07238b2a2b7af57","2026-02-24 15:49:00.037","2026-02-28 02:35:27.453","68a0ef54b07238b2a2b7af57","Food Lion CIAA Men's and Women's Basketball Tournament","cbb","2026-02-28 13:00:00","2026-02-28 18:00:00","2026-02-28 18:00:00",false,false,false,"[PREMIUM]","[PREMIUM]","[PREMIUM]","[PREMIUM]","[PREMIUM]","[PREMIUM]",false,false,"576435eef80c4120e2459221","['65bd76cb5cd53af1e1796be5']","[PREMIUM]","[PREMIUM]"
"68a4e4ba22a4a2c27ebc92d4","2026-02-24 15:49:00.037","2026-02-28 02:35:27.453","68a4e4ba22a4a2c27ebc92d4","San Diego Symphony - Brahms Festival: A German Requiem","theater","2026-02-27 19:30:00","2026-02-28 03:30:00","2026-02-28 03:30:00",false,false,false,"[PREMIUM]","[PREMIUM]","[PREMIUM]","[PREMIUM]","[PREMIUM]","[PREMIUM]",false,false,"67e3034522495e3b6297dc67","['6601d32b96e6dcfe751c37d5']","[PREMIUM]","[PREMIUM]"
"699a301fbe2cf85ba9bb6b34","2026-02-24 15:49:00.037","2026-02-26 23:01:18.562","699a301fbe2cf85ba9bb6b34","Bingo Loco (21+ Event)","music","2026-02-27 19:00:00","2026-02-28 01:00:00","2026-02-28 01:00:00",false,false,false,"[PREMIUM]","[PREMIUM]","[PREMIUM]","[PREMIUM]","[PREMIUM]","[PREMIUM]",false,false,"57d97ec950575d33c877746d","['6668d4cb075eb00266a9c7ca']","[PREMIUM]","[PREMIUM]"
"697a8b9a668e75b69a4dbd12","2026-02-24 15:49:00.037","2026-02-26 23:01:18.562","697a8b9a668e75b69a4dbd12","Gunhild Carling","music","2026-02-27 19:00:00","2026-02-28 00:00:00","2026-02-28 00:00:00",false,false,false,"[PREMIUM]","[PREMIUM]","[PREMIUM]","[PREMIUM]","[PREMIUM]","[PREMIUM]",false,false,"65fe09690c368400736e58e0","['675c9160c4d7aae838ef568b']","[PREMIUM]","[PREMIUM]"
"699d2c43a0caf7251972bc86","2026-02-24 15:49:00.037","2026-02-28 02:35:27.453","699d2c43a0caf7251972bc86","Rhode Island FC vs Brooklyn FC - Exhibition Game","usl","2026-02-28 14:30:00","2026-02-28 19:30:00","2026-02-28 19:30:00",false,false,false,"[PREMIUM]","[PREMIUM]","[PREMIUM]","[PREMIUM]","[PREMIUM]","[PREMIUM]",false,false,"68a33f68d5c477be36406dc6","['65821d923c528a523db02874','67350b86e4da09717f008ab7']","[PREMIUM]","[PREMIUM]"
"68a0ef544f8f95446334d52a","2026-02-24 15:48:51.419","2026-02-25 19:35:28.800","68a0ef544f8f95446334d52a","Food Lion CIAA Men's and Women's Basketball Tournament","cbb","2026-02-26 18:00:00","2026-02-26 23:00:00","2026-02-26 23:00:00",false,false,false,"[PREMIUM]","[PREMIUM]","[PREMIUM]","[PREMIUM]","[PREMIUM]","[PREMIUM]",false,false,"576435eef80c4120e2459221","['65bd76cb5cd53af1e1796be5']","[PREMIUM]","[PREMIUM]"
"68a0ef545b20e1a53fe0a2c5","2026-02-24 15:48:51.419","2026-02-26 23:01:08.941","68a0ef545b20e1a53fe0a2c5","Food Lion CIAA Men's and Women's Basketball Tournament","cbb","2026-02-27 12:00:00","2026-02-27 17:00:00","2026-02-27 17:00:00",false,false,false,"[PREMIUM]","[PREMIUM]","[PREMIUM]","[PREMIUM]","[PREMIUM]","[PREMIUM]",false,false,"576435eef80c4120e2459221","['65bd76cb5cd53af1e1796be5']","[PREMIUM]","[PREMIUM]"
"68a0ef54b71e63d8847afbda","2026-02-24 15:48:51.419","2026-02-26 23:01:08.941","68a0ef54b71e63d8847afbda","Food Lion CIAA Men's and Women's Basketball Tournament","cbb","2026-02-27 18:00:00","2026-02-27 23:00:00","2026-02-27 23:00:00",false,false,false,"[PREMIUM]","[PREMIUM]","[PREMIUM]","[PREMIUM]","[PREMIUM]","[PREMIUM]",false,false,"576435eef80c4120e2459221","['65bd76cb5cd53af1e1796be5']","[PREMIUM]","[PREMIUM]"
"699a51990fe93b6b2fd88034","2026-02-24 15:48:51.419","2026-02-26 23:01:08.941","699a51990fe93b6b2fd88034","Pinback","music","2026-02-26 20:00:00","2026-02-27 04:00:00","2026-02-27 05:30:00",false,false,false,"[PREMIUM]","[PREMIUM]","[PREMIUM]","[PREMIUM]","[PREMIUM]","[PREMIUM]",false,false,"634dbc64afedb80001291a14","['5b8585168dc342001463bc0b']","[PREMIUM]","[PREMIUM]"
"68a0ef5459cbaaae78be906f","2026-02-24 15:48:43.443","2026-02-24 15:48:43.443","68a0ef5459cbaaae78be906f","Food Lion CIAA Men's and Women's Basketball Tournament","cbb","2026-02-25 10:00:00","2026-02-25 15:00:00","2026-02-25 15:00:00",false,false,false,"[PREMIUM]","[PREMIUM]","[PREMIUM]","[PREMIUM]","[PREMIUM]","[PREMIUM]",false,false,"576435eef80c4120e2459221","['65bd76cb5cd53af1e1796be5']","[PREMIUM]","[PREMIUM]"
"68a0ef54ebafaff6d58ba28b","2026-02-24 15:48:43.443","2026-02-25 19:35:28.800","68a0ef54ebafaff6d58ba28b","Food Lion CIAA Men's and Women's Basketball Tournament","cbb","2026-02-26 12:00:00","2026-02-26 17:00:00","2026-02-26 17:00:00",false,false,false,"[PREMIUM]","[PREMIUM]","[PREMIUM]","[PREMIUM]","[PREMIUM]","[PREMIUM]",false,false,"576435eef80c4120e2459221","['65bd76cb5cd53af1e1796be5']","[PREMIUM]","[PREMIUM]"
"699a4aff87e76d0416487213","2026-02-24 15:48:43.443","2026-02-24 15:48:43.443","699a4aff87e76d0416487213","The Browning","music","2026-02-24 19:30:00","2026-02-25 02:30:00","2026-02-25 02:30:00",false,false,false,"[PREMIUM]","[PREMIUM]","[PREMIUM]","[PREMIUM]","[PREMIUM]","[PREMIUM]",false,false,"6413886f835edf00013c0153","['66f1ec6bd0211fe46be34d81']","[PREMIUM]","[PREMIUM]"
"699d96c3706fb4505621acb4","2026-02-24 15:48:43.443","2026-02-25 19:35:28.800","699d96c3706fb4505621acb4","Vicki Barbolak Trailer Park Happy Hour","comedy","2026-02-25 22:30:00","2026-02-26 06:30:00","2026-02-26 08:00:00",false,false,false,"[PREMIUM]","[PREMIUM]","[PREMIUM]","[PREMIUM]","[PREMIUM]","[PREMIUM]",false,true,"63e6a8b18d0aad0001987d37","['6362e595230f7600019e38e4']","[PREMIUM]","[PREMIUM]"
"699bdac615e13cab1a9914c7","2026-02-24 15:48:43.443","2026-02-24 15:48:43.443","699bdac615e13cab1a9914c7","Las Vegas Live Comedy Club","comedy","2026-02-25 00:00:00","2026-02-25 08:00:00","2026-02-25 08:00:00",false,true,false,"[PREMIUM]","[PREMIUM]","[PREMIUM]","[PREMIUM]","[PREMIUM]","[PREMIUM]",false,false,"65c68eea463851cc713158ae","['661039cd173b6a4933dc5756']","[PREMIUM]","[PREMIUM]"
